monthyear,network,q4,q5,q6,q7,q8,q9,q10,q11,q12,q13,q14,q15,q16,q17,q18,q19,q20,q21,q22,q23,q24,q25,q26,coder_name,q8_palestine,otherdays,q21_q22,q_info,q_images,q_personal_touch
488.0,CNN,No,No,Yes,Yes,No,No,No,Yes,Yes,Yes,No,Yes,No,No,No,No,No,No,No,Yes,Yes,1.0,0.0,Arun,0.0,0.0,0.0,0.6666667,0.0,0.0
488.0,CNN,No,No,No,No,Yes,No,No,No,Yes,Yes,No,Yes,Yes,No,Yes,No,No,No,No,No,No,2.0,0.0,Arun,0.0,0.0,0.0,0.33333334,0.33333334,0.0
489.0,CNN,No,No,Yes,Yes,No,Yes,No,Yes,Yes,Yes,No,Yes,Yes,No,Yes,No,No,No,No,Yes,Yes,2.0,-1.0,Arun,0.0,0.0,0.0,0.6666667,0.33333334,0.0
489.0,CNN,Yes,No,Yes,Yes,No,Yes,No,Yes,No,Yes,No,Yes,No,No,Yes,No,Yes,No,No,Yes,Yes,3.0,0.0,Arun,0.0,0.0,0.0,0.6666667,0.33333334,0.0
489.0,CNN,Yes,No,Yes,Yes,No,No,No,Yes,Yes,Yes,No,Yes,No,No,Yes,No,No,No,No,Yes,Yes,1.0,0.0,Arun,0.0,0.0,0.0,0.6666667,0.16666667,0.0
489.0,CNN,Yes,Yes,No,Yes,No,Yes,No,Yes,Yes,No,No,Yes,No,No,Yes,No,No,No,No,No,Yes,2.0,0.0,Arun,0.0,0.0,0.0,0.33333334,0.16666667,0.0
489.0,CNN,Yes,Yes,Yes,Yes,No,No,No,Yes,Yes,Yes,No,Yes,No,No,Yes,Yes,No,No,No,No,No,3.0,-1.0,Arun,0.0,0.0,0.0,0.6666667,0.16666667,0.33333334
489.0,CNN,Yes,No,Yes,Yes,No,No,No,Yes,No,Yes,No,Yes,Yes,No,Yes,No,No,No,No,Yes,Yes,2.0,1.0,Arun,0.0,0.0,0.0,0.6666667,0.33333334,0.0
489.0,CNN,No,No,No,No,No,No,No,No,No,No,No,No,No,No,No,No,No,No,No,Yes,No,0.0,0.0,Arun,0.0,1.0,0.0,0.0,0.0,0.0
489.0,CNN,Yes,Yes,Yes,Yes,No,No,Yes,Yes,Yes,Yes,No,Yes,No,Yes,Yes,No,No,No,No,Yes,Yes,0.0,0.0,Arun,0.0,0.0,0.0,0.6666667,0.33333334,0.0
489.0,CNN,No,No,No,No,No,Yes,No,No,No,No,No,No,No,No,No,No,No,Yes,No,Yes,Yes,0.0,0.0,Arun,0.0,1.0,1.0,0.0,0.0,0.33333334
489.0,CNN,Yes,Yes,Yes,Yes,No,Yes,Yes,Yes,Yes,Yes,Yes,Yes,Yes,No,Yes,Yes,Yes,No,No,Yes,Yes,2.0,0.0,Arun,0.0,0.0,0.0,1.0,0.5,0.33333334
489.0,CNN,No,No,No,No,No,No,No,No,No,No,No,No,No,No,No,No,No,No,No,No,No,0.0,0.0,Arun,0.0,1.0,0.0,0.0,0.0,0.0
489.0,CNN,Yes,Yes,No,Yes,No,No,No,No,Yes,Yes,No,No,No,No,No,No,No,No,No,Yes,No,0.0,0.0,Arun,0.0,0.0,0.0,0.33333334,0.0,0.0
489.0,CNN,Yes,No,Yes,Yes,No,No,No,Yes,Yes,Yes,No,Yes,Yes,No,No,No,No,No,No,No,No,1.0,0.0,Arun,0.0,0.0,0.0,0.6666667,0.16666667,0.0
489.0,CNN,No,No,No,No,No,No,No,No,No,No,No,No,Yes,No,No,No,No,No,No,Yes,No,1.0,0.0,Arun,0.0,1.0,0.0,0.0,0.16666667,0.0
489.0,CNN,Yes,Yes,Yes,Yes,No,No,Yes,Yes,Yes,Yes,No,Yes,No,No,Yes,No,No,No,No,Yes,No,2.0,0.0,Arun,0.0,0.0,0.0,0.6666667,0.16666667,0.0
489.0,CNN,No,No,No,No,No,No,No,No,No,No,No,No,No,No,No,No,No,No,No,No,No,0.0,0.0,Arun,0.0,1.0,0.0,0.0,0.0,0.0
489.0,CNN,Yes,No,Yes,Yes,No,No,No,No,Yes,Yes,No,Yes,No,No,Yes,No,No,No,No,Yes,Yes,0.0,0.0,Arun,0.0,0.0,0.0,0.33333334,0.16666667,0.0
489.0,CNN,No,No,Yes,Yes,No,No,No,No,Yes,Yes,No,Yes,No,No,No,No,No,No,No,No,No,1.0,0.0,Arun,0.0,0.0,0.0,0.33333334,0.0,0.0
489.0,CNN,No,No,No,Yes,No,No,No,No,No,No,No,No,No,No,Yes,Yes,No,No,No,No,No,1.0,0.0,Arun,0.0,0.0,0.0,0.0,0.16666667,0.33333334
489.0,CNN,No,No,No,No,No,No,No,No,No,No,No,No,No,No,No,No,No,No,No,No,No,0.0,0.0,Arun,0.0,1.0,0.0,0.0,0.0,0.0
489.0,CNN,No,No,Yes,Yes,No,Yes,No,Yes,Yes,Yes,Yes,Yes,No,No,Yes,Yes,No,No,No,No,No,2.0,0.0,Arun,0.0,0.0,0.0,1.0,0.16666667,0.33333334
489.0,CNN,No,No,No,No,No,No,No,No,No,No,No,No,No,No,No,No,No,No,No,No,No,2.0,0.0,Arun,0.0,1.0,0.0,0.0,0.0,0.0
489.0,CNN,Yes,No,Yes,Yes,No,No,No,Yes,Yes,Yes,No,Yes,Yes,No,No,No,No,No,No,Yes,Yes,2.0,0.0,Arun,0.0,0.0,0.0,0.6666667,0.16666667,0.0
489.0,CNN,No,No,Yes,Yes,No,Yes,No,Yes,Yes,Yes,No,Yes,No,No,No,No,No,No,No,No,Yes,2.0,0.0,Arun,0.0,0.0,0.0,0.6666667,0.0,0.0
489.0,CNN,Yes,No,Yes,Yes,No,No,No,Yes,Yes,Yes,No,Yes,Yes,No,Yes,No,No,No,No,Yes,Yes,3.0,1.0,Arun,0.0,0.0,0.0,0.6666667,0.33333334,0.0
489.0,CNN,No,No,No,No,No,No,No,No,No,No,No,No,No,No,No,No,No,No,No,No,No,0.0,0.0,Arun,0.0,1.0,0.0,0.0,0.0,0.0
489.0,CNN,No,No,No,No,No,No,No,No,No,No,No,No,No,No,No,No,No,No,No,No,No,0.0,0.0,Arun,0.0,1.0,0.0,0.0,0.0,0.0
489.0,CNN,Yes,No,Yes,Yes,No,No,No,Yes,Yes,Yes,Yes,No,No,No,Yes,Yes,Yes,No,No,Yes,Yes,2.0,1.0,Arun,0.0,0.0,0.0,1.0,0.33333334,0.33333334
489.0,CNN,Yes,Yes,No,No,Yes,No,No,Yes,Yes,Yes,Yes,No,Yes,No,Yes,Yes,Yes,No,No,No,No,3.0,1.0,Arun,0.0,0.0,0.0,1.0,0.5,0.33333334
489.0,CNN,Yes,Yes,No,Yes,No,No,No,No,Yes,Yes,No,No,No,No,No,No,No,No,No,Yes,Yes,2.0,0.0,Arun,0.0,0.0,0.0,0.33333334,0.0,0.0
489.0,CNN,Yes,Yes,Yes,Yes,No,No,No,Yes,Yes,No,No,Yes,No,No,No,No,No,No,No,No,No,1.0,0.0,Arun,0.0,0.0,0.0,0.33333334,0.0,0.0
489.0,CNN,No,No,Yes,Yes,No,No,No,No,Yes,Yes,No,Yes,No,No,No,No,No,No,No,No,No,2.0,0.0,Arun,0.0,0.0,0.0,0.33333334,0.0,0.0
489.0,CNN,No,No,No,No,No,No,No,No,No,No,No,No,No,No,No,No,No,No,No,Yes,Yes,1.0,0.0,Arun,0.0,1.0,0.0,0.0,0.0,0.0
489.0,CNN,No,No,No,No,No,No,No,No,No,No,Yes,No,No,No,Yes,Yes,No,No,No,No,No,1.0,0.0,Arun,0.0,1.0,0.0,0.33333334,0.16666667,0.33333334
489.0,CNN,No,No,Yes,Yes,No,Yes,No,Yes,Yes,No,No,Yes,No,No,No,No,No,No,No,Yes,Yes,1.0,0.0,Arun,0.0,0.0,0.0,0.33333334,0.0,0.0
489.0,CNN,Yes,Yes,Yes,Yes,No,Yes,No,Yes,Yes,Yes,Yes,Yes,No,No,No,Yes,No,No,No,Yes,No,2.0,0.0,Arun,0.0,0.0,0.0,1.0,0.0,0.33333334
489.0,CNN,Yes,Yes,No,Yes,No,No,No,No,Yes,Yes,Yes,Yes,No,No,No,Yes,No,No,No,Yes,No,2.0,0.0,Arun,0.0,0.0,0.0,0.6666667,0.0,0.33333334
489.0,CNN,Yes,Yes,Yes,Yes,No,No,No,Yes,Yes,Yes,No,Yes,No,No,No,Yes,No,No,No,Yes,Yes,2.0,0.0,Arun,0.0,0.0,0.0,0.6666667,0.0,0.33333334
489.0,CNN,No,No,No,No,No,No,No,No,No,No,No,No,No,No,No,No,No,No,No,No,No,1.0,0.0,Arun,0.0,1.0,0.0,0.0,0.0,0.0
489.0,CNN,Yes,No,Yes,Yes,No,No,No,Yes,Yes,Yes,Yes,Yes,No,No,Yes,Yes,No,No,No,Yes,Yes,2.0,0.0,Arun,0.0,0.0,0.0,1.0,0.16666667,0.33333334
489.0,CNN,Yes,Yes,Yes,Yes,No,No,No,Yes,Yes,Yes,Yes,Yes,No,No,Yes,Yes,Yes,Yes,No,Yes,Yes,3.0,0.0,Arun,0.0,0.0,1.0,1.0,0.33333334,0.6666667
490.0,CNN,No,No,No,No,No,No,No,No,No,No,No,No,No,No,No,No,No,No,No,Yes,No,1.0,0.0,Arun,0.0,1.0,0.0,0.0,0.0,0.0
490.0,CNN,Yes,Yes,Yes,Yes,No,No,No,Yes,Yes,Yes,No,Yes,No,No,No,No,No,No,No,Yes,Yes,2.0,0.0,Arun,0.0,0.0,0.0,0.6666667,0.0,0.0
490.0,CNN,Yes,Yes,Yes,Yes,No,No,No,Yes,Yes,Yes,No,Yes,No,No,No,No,No,No,No,Yes,Yes,2.0,0.0,Arun,0.0,0.0,0.0,0.6666667,0.0,0.0
490.0,CNN,No,No,Yes,Yes,No,No,No,Yes,Yes,Yes,Yes,Yes,No,No,No,No,No,No,No,No,No,2.0,0.0,Arun,0.0,0.0,0.0,1.0,0.0,0.0
490.0,CNN,Yes,Yes,No,Yes,No,No,No,Yes,Yes,Yes,Yes,Yes,No,No,Yes,Yes,Yes,No,No,Yes,Yes,3.0,-1.0,Arun,0.0,0.0,0.0,1.0,0.33333334,0.33333334
490.0,CNN,Yes,Yes,No,Yes,No,No,No,Yes,Yes,Yes,Yes,Yes,No,No,No,No,No,No,No,Yes,Yes,2.0,0.0,Arun,0.0,0.0,0.0,1.0,0.0,0.0
491.0,CNN,No,Yes,No,Yes,No,No,No,No,Yes,No,No,Yes,No,No,Yes,No,No,No,No,No,No,2.0,0.0,Pankaj,0.0,0.0,0.0,0.0,0.16666667,0.0
491.0,CNN,No,No,No,No,Yes,Yes,No,No,Yes,Yes,Yes,No,No,No,No,Yes,No,No,No,No,Yes,1.0,0.0,Pankaj,0.0,0.0,0.0,0.6666667,0.0,0.33333334
492.0,CNN,No,No,No,No,No,No,No,No,No,No,No,No,No,No,No,No,No,No,No,No,No,1.0,0.0,Pankaj,0.0,1.0,0.0,0.0,0.0,0.0
493.0,CNN,No,No,Yes,Yes,No,No,No,No,No,Yes,Yes,No,No,No,No,No,No,No,No,Yes,No,1.0,0.0,Pankaj,0.0,0.0,0.0,0.6666667,0.0,0.0
494.0,CNN,No,No,Yes,Yes,No,No,No,No,No,Yes,Yes,No,Yes,No,No,No,No,No,No,Yes,No,1.0,0.0,Pankaj,0.0,0.0,0.0,0.6666667,0.16666667,0.0
494.0,CNN,Yes,Yes,No,Yes,No,No,No,No,No,No,No,Yes,No,No,No,No,No,No,No,Yes,Yes,1.0,0.0,Pankaj,0.0,0.0,0.0,0.0,0.0,0.0
494.0,CNN,No,No,No,No,No,No,No,No,No,No,No,No,No,No,No,No,No,No,No,No,No,1.0,0.0,Pankaj,0.0,1.0,0.0,0.0,0.0,0.0
494.0,CNN,Yes,Yes,No,Yes,No,No,No,No,No,Yes,Yes,Yes,No,No,No,Yes,No,No,No,Yes,No,1.0,0.0,Pankaj,0.0,0.0,0.0,0.6666667,0.0,0.33333334
494.0,CNN,No,No,No,Yes,No,No,No,No,No,No,No,No,No,No,No,No,No,No,No,No,No,1.0,0.0,Pankaj,0.0,0.0,0.0,0.0,0.0,0.0
495.0,CNN,Yes,Yes,No,No,Yes,No,No,Yes,No,Yes,Yes,No,No,No,Yes,Yes,Yes,No,No,No,No,2.0,0.0,Pankaj,0.0,0.0,0.0,1.0,0.33333334,0.33333334
495.0,CNN,Yes,Yes,Yes,Yes,No,No,No,No,No,Yes,Yes,Yes,No,No,No,No,No,No,No,No,No,1.0,0.0,Pankaj,0.0,0.0,0.0,0.6666667,0.0,0.0
495.0,CNN,Yes,Yes,No,Yes,No,No,No,No,No,Yes,Yes,Yes,No,No,No,No,No,No,No,Yes,No,1.0,0.0,Pankaj,0.0,0.0,0.0,0.6666667,0.0,0.0
495.0,CNN,Yes,Yes,No,Yes,No,No,No,No,No,No,No,Yes,No,No,No,No,No,No,No,No,No,1.0,0.0,Pankaj,0.0,0.0,0.0,0.0,0.0,0.0
495.0,CNN,Yes,No,Yes,Yes,No,No,No,No,No,No,No,Yes,No,No,No,No,No,No,No,No,Yes,1.0,0.0,Pankaj,0.0,0.0,0.0,0.0,0.0,0.0
495.0,CNN,Yes,Yes,No,Yes,No,No,No,No,No,No,No,No,No,No,No,No,No,No,No,Yes,Yes,1.0,0.0,Pankaj,0.0,0.0,0.0,0.0,0.0,0.0
495.0,CNN,Yes,Yes,No,Yes,No,No,No,No,No,Yes,Yes,No,Yes,No,No,No,No,No,No,No,No,1.0,0.0,Pankaj,0.0,0.0,0.0,0.6666667,0.16666667,0.0
496.0,CNN,Yes,Yes,No,Yes,No,No,No,No,No,Yes,Yes,Yes,No,No,No,No,No,No,No,Yes,Yes,1.0,0.0,Pankaj,0.0,0.0,0.0,0.6666667,0.0,0.0
496.0,CNN,Yes,No,Yes,Yes,No,No,No,No,No,Yes,Yes,Yes,No,No,No,No,No,No,No,Yes,Yes,1.0,0.0,Pankaj,0.0,0.0,0.0,0.6666667,0.0,0.0
496.0,CNN,Yes,Yes,No,Yes,No,No,No,Yes,Yes,Yes,Yes,Yes,No,No,No,No,No,No,No,Yes,No,1.0,0.0,Pankaj,0.0,0.0,0.0,1.0,0.0,0.0
496.0,CNN,Yes,Yes,No,No,Yes,No,No,No,Yes,No,No,Yes,No,No,No,No,No,No,No,Yes,No,1.0,0.0,Pankaj,0.0,0.0,0.0,0.0,0.0,0.0
496.0,CNN,No,No,No,No,No,No,No,No,No,No,No,No,No,No,No,No,No,No,No,No,No,1.0,0.0,Pankaj,0.0,1.0,0.0,0.0,0.0,0.0
496.0,CNN,No,No,No,No,No,No,No,No,No,No,No,No,No,No,No,No,No,No,No,No,No,1.0,0.0,Pankaj,0.0,1.0,0.0,0.0,0.0,0.0
496.0,CNN,No,No,No,Yes,No,No,No,Yes,No,Yes,Yes,Yes,No,No,No,No,No,No,No,No,No,1.0,0.0,Pankaj,0.0,0.0,0.0,1.0,0.0,0.0
496.0,CNN,No,No,No,Yes,No,Yes,No,Yes,Yes,No,No,Yes,No,No,No,No,No,No,No,No,No,1.0,0.0,Pankaj,0.0,0.0,0.0,0.33333334,0.0,0.0
497.0,CNN,No,No,Yes,Yes,No,Yes,No,Yes,Yes,Yes,Yes,Yes,No,No,Yes,No,No,No,No,Yes,No,1.0,0.0,Pankaj,0.0,0.0,0.0,1.0,0.16666667,0.0
497.0,CNN,No,No,Yes,Yes,No,Yes,No,Yes,Yes,Yes,Yes,Yes,No,No,Yes,No,No,No,No,Yes,No,1.0,0.0,Pankaj,0.0,0.0,0.0,1.0,0.16666667,0.0
497.0,CNN,No,No,No,No,Yes,Yes,No,Yes,Yes,Yes,Yes,Yes,No,No,Yes,No,No,No,No,Yes,Yes,1.0,0.0,Pankaj,0.0,0.0,0.0,1.0,0.16666667,0.0
497.0,CNN,No,No,No,No,No,Yes,No,Yes,Yes,Yes,Yes,No,No,Yes,No,No,Yes,No,Yes,Yes,Yes,2.0,0.0,Pankaj,0.0,1.0,1.0,1.0,0.33333334,0.33333334
497.0,CNN,No,No,No,No,No,No,No,No,No,No,No,No,No,No,No,No,No,No,No,No,No,1.0,0.0,Pankaj,0.0,1.0,0.0,0.0,0.0,0.0
498.0,CNN,Yes,Yes,No,Yes,No,No,No,No,No,Yes,Yes,No,No,No,No,No,No,No,No,No,No,1.0,0.0,Pankaj,0.0,0.0,0.0,0.6666667,0.0,0.0
498.0,CNN,Yes,Yes,Yes,Yes,No,No,No,Yes,No,Yes,Yes,No,No,No,No,No,No,No,No,Yes,Yes,1.0,0.0,Pankaj,0.0,0.0,0.0,1.0,0.0,0.0
498.0,CNN,Yes,Yes,No,Yes,No,No,No,No,No,Yes,Yes,No,Yes,No,Yes,No,No,No,No,No,No,1.0,0.0,Pankaj,0.0,0.0,0.0,0.6666667,0.33333334,0.0
499.0,CNN,Yes,Yes,No,Yes,No,No,No,No,Yes,Yes,Yes,Yes,No,No,No,No,No,Yes,No,Yes,No,1.0,0.0,Pankaj,0.0,0.0,1.0,0.6666667,0.0,0.33333334
499.0,CNN,No,Yes,Yes,No,Yes,No,No,Yes,No,Yes,Yes,No,Yes,No,Yes,No,No,No,No,Yes,Yes,1.0,0.0,Pankaj,1.0,0.0,0.0,1.0,0.33333334,0.0
499.0,CNN,No,No,No,No,No,No,No,No,No,Yes,No,No,No,No,No,No,No,No,No,No,No,1.0,0.0,Pankaj,0.0,1.0,0.0,0.33333334,0.0,0.0
499.0,CNN,No,No,No,No,No,No,No,No,No,No,No,No,No,No,No,No,No,No,No,Yes,No,1.0,0.0,Pankaj,0.0,1.0,0.0,0.0,0.0,0.0
499.0,CNN,No,No,Yes,No,Yes,No,No,Yes,Yes,Yes,Yes,Yes,No,No,Yes,No,No,Yes,No,No,No,1.0,0.0,Pankaj,1.0,0.0,1.0,1.0,0.16666667,0.33333334
499.0,CNN,Yes,Yes,No,Yes,No,No,No,No,No,No,No,No,No,No,No,No,No,No,No,Yes,No,1.0,0.0,Pankaj,0.0,0.0,0.0,0.0,0.0,0.0
499.0,CNN,No,No,No,No,No,No,No,No,No,No,No,No,No,No,No,No,No,No,No,No,No,1.0,0.0,Pankaj,0.0,1.0,0.0,0.0,0.0,0.0
499.0,CNN,No,No,No,No,No,No,No,No,No,No,No,No,No,No,No,No,No,No,No,No,No,1.0,0.0,Pankaj,0.0,1.0,0.0,0.0,0.0,0.0
500.0,CNN,No,No,No,Yes,No,No,No,No,No,Yes,Yes,Yes,No,No,No,No,No,No,No,Yes,No,1.0,0.0,Pankaj,0.0,0.0,0.0,0.6666667,0.0,0.0
500.0,CNN,No,No,Yes,Yes,No,No,No,Yes,Yes,Yes,Yes,Yes,Yes,No,Yes,No,No,Yes,No,No,No,2.0,0.0,Pankaj,0.0,0.0,1.0,1.0,0.33333334,0.33333334
500.0,CNN,Yes,Yes,No,Yes,No,No,No,No,No,Yes,Yes,Yes,No,No,No,No,No,No,No,Yes,No,1.0,0.0,Pankaj,0.0,0.0,0.0,0.6666667,0.0,0.0
502.0,CNN,No,No,No,No,No,No,No,No,No,No,No,No,No,No,No,No,No,No,No,No,No,1.0,0.0,Pankaj,0.0,1.0,0.0,0.0,0.0,0.0
503.0,CNN,Yes,Yes,No,Yes,No,No,No,Yes,Yes,Yes,Yes,Yes,No,No,No,No,No,No,No,Yes,Yes,1.0,0.0,Pankaj,0.0,0.0,0.0,1.0,0.0,0.0
503.0,CNN,Yes,Yes,No,No,No,No,No,No,No,No,No,No,No,No,Yes,No,No,No,Yes,Yes,Yes,1.0,0.0,Pankaj,0.0,1.0,1.0,0.0,0.16666667,0.33333334
503.0,CNN,Yes,Yes,No,Yes,No,No,No,Yes,Yes,No,No,Yes,No,No,No,No,No,No,No,Yes,Yes,1.0,0.0,Pankaj,0.0,0.0,0.0,0.33333334,0.0,0.0
503.0,CNN,No,No,Yes,No,No,No,Yes,Yes,Yes,Yes,Yes,No,No,No,No,No,No,No,No,No,Yes,1.0,0.0,Kuldeep,0.0,1.0,0.0,1.0,0.0,0.0
503.0,CNN,No,Yes,No,Yes,No,Yes,No,Yes,Yes,No,No,Yes,No,No,Yes,No,No,No,No,Yes,Yes,1.0,-2.0,Kuldeep,0.0,0.0,0.0,0.33333334,0.16666667,0.0
503.0,CNN,Yes,Yes,No,Yes,No,No,No,Yes,Yes,Yes,No,No,Yes,No,Yes,No,No,No,No,No,Yes,1.0,-2.0,Kuldeep,0.0,0.0,0.0,0.6666667,0.33333334,0.0
504.0,CNN,Yes,No,Yes,Yes,No,No,No,No,Yes,No,No,No,No,No,No,No,No,No,No,Yes,No,1.0,-2.0,Kuldeep,0.0,0.0,0.0,0.0,0.0,0.0
504.0,CNN,No,No,Yes,Yes,No,No,No,Yes,Yes,Yes,Yes,No,No,No,No,No,No,No,No,No,Yes,1.0,2.0,Kuldeep,0.0,0.0,0.0,1.0,0.0,0.0
504.0,CNN,No,No,Yes,Yes,No,No,No,No,Yes,Yes,Yes,No,Yes,No,Yes,No,No,No,No,Yes,No,1.0,2.0,Kuldeep,0.0,0.0,0.0,0.6666667,0.33333334,0.0
504.0,CNN,No,No,Yes,No,Yes,No,No,Yes,Yes,Yes,Yes,No,Yes,No,Yes,Yes,No,Yes,Yes,No,No,1.0,2.0,Kuldeep,1.0,0.0,1.0,1.0,0.33333334,1.0
505.0,CNN,Yes,Yes,No,No,Yes,No,No,Yes,Yes,No,No,No,Yes,No,Yes,No,No,No,No,No,Yes,1.0,-2.0,Kuldeep,0.0,0.0,0.0,0.33333334,0.33333334,0.0
505.0,CNN,Yes,No,Yes,No,Yes,No,No,Yes,No,Yes,No,Yes,No,No,No,No,No,No,No,Yes,Yes,1.0,0.0,Kuldeep,1.0,0.0,0.0,0.6666667,0.0,0.0
505.0,CNN,Yes,Yes,No,Yes,No,No,No,No,No,Yes,No,Yes,No,No,No,No,No,No,No,Yes,No,1.0,2.0,Kuldeep,0.0,0.0,0.0,0.33333334,0.0,0.0
505.0,CNN,Yes,Yes,No,Yes,No,No,No,No,No,Yes,No,Yes,No,No,No,No,No,No,No,No,No,1.0,0.0,Kuldeep,0.0,0.0,0.0,0.33333334,0.0,0.0
505.0,CNN,No,Yes,No,No,Yes,No,No,Yes,Yes,No,No,No,Yes,No,No,No,No,No,No,No,Yes,2.0,-2.0,Kuldeep,0.0,0.0,0.0,0.33333334,0.16666667,0.0
506.0,CNN,No,No,Yes,Yes,No,Yes,No,Yes,Yes,No,No,No,Yes,No,No,No,No,No,No,No,Yes,2.0,2.0,Kuldeep,0.0,0.0,0.0,0.33333334,0.16666667,0.0
506.0,CNN,Yes,No,Yes,Yes,No,No,No,Yes,Yes,Yes,Yes,No,Yes,No,Yes,No,No,Yes,No,Yes,No,2.0,2.0,Kuldeep,0.0,0.0,1.0,1.0,0.33333334,0.33333334
506.0,CNN,Yes,Yes,No,No,Yes,No,Yes,Yes,No,No,No,No,No,No,No,No,No,Yes,No,Yes,No,1.0,2.0,Kuldeep,0.0,0.0,1.0,0.33333334,0.0,0.33333334
506.0,CNN,Yes,Yes,No,No,Yes,No,Yes,Yes,Yes,No,No,No,Yes,No,No,No,No,No,No,Yes,No,1.0,2.0,Kuldeep,0.0,0.0,0.0,0.33333334,0.16666667,0.0
506.0,CNN,Yes,Yes,No,Yes,No,No,Yes,No,Yes,Yes,No,No,Yes,No,No,No,No,No,No,Yes,No,1.0,2.0,Kuldeep,0.0,0.0,0.0,0.33333334,0.16666667,0.0
506.0,CNN,Yes,Yes,No,No,Yes,No,No,Yes,Yes,Yes,Yes,No,Yes,No,No,Yes,No,No,No,No,No,1.0,1.0,Kuldeep,0.0,0.0,0.0,1.0,0.16666667,0.33333334
506.0,CNN,Yes,Yes,No,Yes,No,No,No,Yes,No,Yes,Yes,No,No,No,Yes,No,No,No,No,No,No,1.0,2.0,Kuldeep,0.0,0.0,0.0,1.0,0.16666667,0.0
506.0,CNN,Yes,Yes,No,No,Yes,Yes,Yes,Yes,Yes,Yes,No,No,No,No,No,No,No,No,No,No,No,1.0,0.0,Kuldeep,0.0,0.0,0.0,0.6666667,0.0,0.0
506.0,CNN,Yes,Yes,No,Yes,No,No,No,Yes,No,No,No,No,Yes,No,No,No,No,No,No,Yes,No,1.0,2.0,Kuldeep,0.0,0.0,0.0,0.33333334,0.16666667,0.0
506.0,CNN,Yes,No,Yes,No,Yes,No,No,Yes,Yes,Yes,No,No,Yes,No,Yes,No,No,No,No,Yes,No,1.0,2.0,Kuldeep,1.0,0.0,0.0,0.6666667,0.33333334,0.0
506.0,CNN,No,No,No,No,No,No,No,No,No,No,No,No,No,No,No,No,No,No,No,No,No,1.0,0.0,Kuldeep,0.0,1.0,0.0,0.0,0.0,0.0
506.0,CNN,No,No,Yes,Yes,No,No,No,Yes,Yes,Yes,Yes,No,Yes,No,No,No,No,No,No,Yes,No,1.0,2.0,Kuldeep,0.0,0.0,0.0,1.0,0.16666667,0.0
506.0,CNN,No,No,Yes,Yes,No,No,No,Yes,Yes,Yes,Yes,No,Yes,No,Yes,No,No,No,No,Yes,Yes,1.0,-2.0,Kuldeep,0.0,0.0,0.0,1.0,0.33333334,0.0
506.0,CNN,No,No,Yes,No,Yes,No,No,Yes,No,Yes,Yes,No,Yes,No,No,No,No,No,No,Yes,Yes,1.0,0.0,Kuldeep,1.0,0.0,0.0,1.0,0.16666667,0.0
506.0,CNN,No,No,Yes,Yes,No,No,No,Yes,Yes,Yes,Yes,No,Yes,No,No,No,No,No,No,No,No,1.0,0.0,Kuldeep,0.0,0.0,0.0,1.0,0.16666667,0.0
506.0,CNN,Yes,Yes,No,No,Yes,No,No,Yes,Yes,Yes,No,No,Yes,No,No,No,No,No,No,No,Yes,1.0,0.0,Kuldeep,0.0,0.0,0.0,0.6666667,0.16666667,0.0
506.0,CNN,Yes,Yes,No,No,Yes,No,No,Yes,Yes,No,No,No,Yes,No,Yes,No,No,No,No,Yes,No,1.0,0.0,Kuldeep,0.0,0.0,0.0,0.33333334,0.33333334,0.0
507.0,CNN,No,Yes,No,Yes,No,Yes,No,Yes,Yes,No,No,No,No,No,No,No,No,No,No,Yes,No,1.0,0.0,Kuldeep,0.0,0.0,0.0,0.33333334,0.0,0.0
507.0,CNN,Yes,Yes,Yes,Yes,No,No,Yes,Yes,Yes,No,No,No,Yes,No,No,No,No,No,No,Yes,No,1.0,0.0,Kuldeep,0.0,0.0,0.0,0.33333334,0.16666667,0.0
507.0,CNN,Yes,Yes,No,Yes,No,No,No,Yes,Yes,No,No,No,Yes,No,Yes,No,No,No,No,Yes,No,1.0,-2.0,Kuldeep,0.0,0.0,0.0,0.33333334,0.33333334,0.0
507.0,CNN,No,No,No,No,No,No,No,No,No,No,No,No,No,No,No,No,No,No,No,No,No,1.0,0.0,Kuldeep,0.0,1.0,0.0,0.0,0.0,0.0
507.0,CNN,Yes,Yes,No,No,Yes,No,No,No,No,No,No,No,No,No,No,No,No,No,No,No,Yes,1.0,0.0,Kuldeep,0.0,0.0,0.0,0.0,0.0,0.0
507.0,CNN,Yes,Yes,No,Yes,No,No,No,No,No,Yes,Yes,No,Yes,No,Yes,No,No,No,No,Yes,No,1.0,-2.0,Kuldeep,0.0,0.0,0.0,0.6666667,0.33333334,0.0
507.0,CNN,Yes,Yes,No,Yes,No,No,No,Yes,Yes,No,No,No,Yes,No,No,No,No,No,No,Yes,No,1.0,-2.0,Kuldeep,0.0,0.0,0.0,0.33333334,0.16666667,0.0
507.0,CNN,Yes,Yes,No,Yes,No,No,No,Yes,Yes,Yes,Yes,No,Yes,No,Yes,No,No,No,No,Yes,No,1.0,-2.0,Kuldeep,0.0,0.0,0.0,1.0,0.33333334,0.0
507.0,CNN,No,No,Yes,Yes,No,No,No,Yes,Yes,No,No,No,Yes,No,No,No,No,No,No,Yes,No,1.0,2.0,Kuldeep,0.0,0.0,0.0,0.33333334,0.16666667,0.0
507.0,CNN,No,No,Yes,Yes,No,No,No,Yes,Yes,No,No,No,Yes,No,Yes,No,No,No,No,No,No,1.0,-2.0,Kuldeep,0.0,0.0,0.0,0.33333334,0.33333334,0.0
507.0,CNN,Yes,Yes,No,Yes,No,No,No,Yes,Yes,No,No,No,Yes,No,No,No,No,No,No,Yes,Yes,1.0,-2.0,Kuldeep,0.0,0.0,0.0,0.33333334,0.16666667,0.0
507.0,CNN,Yes,Yes,No,No,Yes,Yes,No,Yes,Yes,No,No,No,Yes,No,Yes,Yes,No,Yes,No,Yes,No,1.0,-1.0,Kuldeep,0.0,0.0,1.0,0.33333334,0.33333334,0.6666667
507.0,CNN,Yes,Yes,No,No,Yes,Yes,No,Yes,Yes,No,No,No,Yes,No,No,No,No,No,No,Yes,Yes,1.0,-1.0,Kuldeep,0.0,0.0,0.0,0.33333334,0.16666667,0.0
508.0,CNN,No,No,Yes,Yes,No,Yes,Yes,Yes,Yes,Yes,Yes,No,Yes,Yes,Yes,No,No,No,No,Yes,Yes,1.0,2.0,Kuldeep,0.0,0.0,0.0,1.0,0.5,0.0
508.0,CNN,No,No,Yes,No,Yes,No,No,Yes,Yes,No,No,No,Yes,Yes,Yes,No,No,No,No,Yes,Yes,1.0,0.0,Kuldeep,1.0,0.0,0.0,0.33333334,0.5,0.0
508.0,CNN,No,No,Yes,Yes,No,Yes,Yes,Yes,Yes,Yes,Yes,No,Yes,Yes,Yes,No,No,No,No,No,No,1.0,2.0,Kuldeep,0.0,0.0,0.0,1.0,0.5,0.0
508.0,CNN,No,No,Yes,Yes,No,No,No,Yes,Yes,No,No,No,Yes,Yes,Yes,No,No,No,No,Yes,Yes,1.0,0.0,Kuldeep,0.0,0.0,0.0,0.33333334,0.5,0.0
508.0,CNN,No,No,Yes,Yes,No,No,No,Yes,Yes,No,No,No,Yes,No,No,No,No,No,No,Yes,Yes,1.0,3.0,Kuldeep,0.0,0.0,0.0,0.33333334,0.16666667,0.0
508.0,CNN,No,No,Yes,Yes,No,No,No,Yes,Yes,Yes,Yes,No,Yes,No,No,No,No,No,No,No,Yes,1.0,0.0,Kuldeep,0.0,0.0,0.0,1.0,0.16666667,0.0
508.0,CNN,No,No,Yes,Yes,No,No,No,Yes,Yes,No,No,No,Yes,No,No,No,No,No,No,No,Yes,1.0,0.0,Kuldeep,0.0,0.0,0.0,0.33333334,0.16666667,0.0
509.0,CNN,Yes,Yes,No,Yes,No,No,Yes,Yes,Yes,No,No,No,No,No,No,No,No,No,No,No,Yes,1.0,-3.0,Kuldeep,0.0,0.0,0.0,0.33333334,0.0,0.0
509.0,CNN,No,No,Yes,No,Yes,No,No,Yes,No,No,No,No,No,No,No,No,No,No,No,Yes,No,1.0,2.0,Kuldeep,1.0,0.0,0.0,0.33333334,0.0,0.0
509.0,CNN,Yes,Yes,Yes,Yes,Yes,No,No,Yes,Yes,Yes,No,No,Yes,No,Yes,Yes,Yes,No,No,No,Yes,1.0,0.0,Kuldeep,1.0,0.0,0.0,0.6666667,0.5,0.33333334
509.0,CNN,No,Yes,Yes,Yes,No,No,No,Yes,Yes,Yes,Yes,No,Yes,No,No,Yes,No,No,No,Yes,No,1.0,0.0,Kuldeep,0.0,0.0,0.0,1.0,0.16666667,0.33333334
509.0,CNN,No,No,No,No,No,No,No,No,No,No,No,No,No,No,No,No,No,No,No,No,Yes,1.0,-2.0,Kuldeep,0.0,1.0,0.0,0.0,0.0,0.0
509.0,CNN,No,No,No,No,No,No,No,No,No,No,No,No,No,No,No,No,No,No,No,Yes,Yes,1.0,-2.0,Kuldeep,0.0,1.0,0.0,0.0,0.0,0.0
509.0,CNN,Yes,Yes,Yes,Yes,No,No,No,Yes,Yes,Yes,Yes,No,Yes,No,Yes,Yes,No,Yes,No,Yes,No,2.0,1.0,Kuldeep,0.0,0.0,1.0,1.0,0.33333334,0.6666667
509.0,CNN,No,Yes,Yes,Yes,No,No,No,Yes,Yes,Yes,Yes,No,Yes,No,No,No,No,No,No,Yes,Yes,2.0,-1.0,Kuldeep,0.0,0.0,0.0,1.0,0.16666667,0.0
509.0,CNN,No,No,Yes,No,Yes,No,No,Yes,Yes,Yes,Yes,No,Yes,No,No,Yes,No,No,No,Yes,No,2.0,1.0,Kuldeep,1.0,0.0,0.0,1.0,0.16666667,0.33333334
509.0,CNN,Yes,Yes,No,Yes,Yes,No,No,Yes,Yes,Yes,Yes,No,Yes,No,No,Yes,No,No,No,Yes,No,2.0,0.0,Kuldeep,0.0,0.0,0.0,1.0,0.16666667,0.33333334
509.0,CNN,Yes,Yes,No,Yes,No,No,No,No,Yes,No,No,No,No,No,No,No,No,No,No,No,No,1.0,0.0,Kuldeep,0.0,0.0,0.0,0.0,0.0,0.0
510.0,CNN,Yes,No,Yes,Yes,No,Yes,Yes,Yes,Yes,Yes,Yes,No,Yes,No,Yes,No,No,Yes,No,Yes,No,2.0,-2.0,Kuldeep,0.0,0.0,1.0,1.0,0.33333334,0.33333334
510.0,CNN,No,No,Yes,No,Yes,Yes,Yes,Yes,Yes,Yes,Yes,No,No,No,No,No,No,Yes,No,No,Yes,1.0,-2.0,Kuldeep,1.0,0.0,1.0,1.0,0.0,0.33333334
510.0,CNN,Yes,Yes,No,Yes,No,No,No,Yes,Yes,Yes,Yes,No,Yes,No,Yes,No,No,Yes,No,Yes,No,1.0,0.0,Kuldeep,0.0,0.0,1.0,1.0,0.33333334,0.33333334
510.0,CNN,Yes,Yes,No,No,Yes,Yes,Yes,Yes,Yes,No,No,No,Yes,No,No,No,No,Yes,No,No,No,1.0,0.0,Kuldeep,0.0,0.0,1.0,0.33333334,0.16666667,0.33333334
510.0,CNN,Yes,Yes,No,Yes,No,Yes,Yes,No,Yes,No,No,No,Yes,No,No,No,No,Yes,No,Yes,Yes,1.0,-2.0,Kuldeep,0.0,0.0,1.0,0.0,0.16666667,0.33333334
510.0,CNN,Yes,Yes,No,Yes,No,No,No,Yes,Yes,Yes,Yes,No,No,No,No,No,No,No,No,Yes,No,1.0,0.0,Kuldeep,0.0,0.0,0.0,1.0,0.0,0.0
510.0,CNN,Yes,Yes,Yes,Yes,Yes,Yes,Yes,Yes,Yes,Yes,Yes,No,Yes,No,No,No,No,No,No,No,No,1.0,0.0,Kuldeep,1.0,0.0,0.0,1.0,0.16666667,0.0
510.0,CNN,No,No,Yes,Yes,No,No,No,Yes,Yes,Yes,Yes,No,Yes,No,No,No,No,No,No,No,No,1.0,2.0,Kuldeep,0.0,0.0,0.0,1.0,0.16666667,0.0
510.0,CNN,No,No,Yes,Yes,No,Yes,No,Yes,Yes,No,No,No,Yes,No,No,No,No,No,No,No,No,1.0,0.0,Kuldeep,0.0,0.0,0.0,0.33333334,0.16666667,0.0
510.0,CNN,No,No,No,No,No,No,No,No,No,No,No,No,No,No,No,No,No,No,No,No,No,1.0,0.0,Kuldeep,0.0,1.0,0.0,0.0,0.0,0.0
511.0,CNN,No,No,Yes,No,Yes,Yes,Yes,Yes,Yes,Yes,Yes,No,No,No,Yes,Yes,No,No,No,No,No,1.0,0.0,Kuldeep,1.0,0.0,0.0,1.0,0.16666667,0.33333334
511.0,CNN,No,No,Yes,Yes,No,Yes,No,Yes,Yes,Yes,No,No,Yes,No,Yes,No,No,No,No,No,Yes,1.0,0.0,Kuldeep,0.0,0.0,0.0,0.6666667,0.33333334,0.0
511.0,CNN,No,No,Yes,No,No,No,No,Yes,Yes,Yes,No,No,Yes,No,Yes,No,No,No,Yes,No,No,1.0,0.0,Kuldeep,0.0,1.0,1.0,0.6666667,0.33333334,0.33333334
511.0,CNN,Yes,Yes,No,Yes,No,Yes,Yes,Yes,No,Yes,No,No,No,No,No,No,No,No,No,No,No,1.0,0.0,Kuldeep,0.0,0.0,0.0,0.6666667,0.0,0.0
512.0,CNN,No,No,Yes,Yes,No,Yes,Yes,Yes,Yes,Yes,No,No,Yes,No,Yes,No,No,Yes,No,Yes,No,1.0,0.0,Kuldeep,0.0,0.0,1.0,0.6666667,0.33333334,0.33333334
512.0,CNN,Yes,Yes,No,Yes,No,No,Yes,Yes,Yes,No,No,No,Yes,No,No,No,No,No,No,Yes,No,1.0,1.0,Kuldeep,0.0,0.0,0.0,0.33333334,0.16666667,0.0
512.0,CNN,Yes,Yes,No,Yes,Yes,Yes,No,Yes,Yes,Yes,No,No,Yes,No,No,No,No,No,No,No,Yes,1.0,-1.0,Kuldeep,0.0,0.0,0.0,0.6666667,0.16666667,0.0
512.0,CNN,No,No,No,No,No,No,No,No,No,No,No,No,Yes,No,No,No,No,No,No,Yes,Yes,1.0,0.0,Pankaj,0.0,1.0,0.0,0.0,0.16666667,0.0
512.0,CNN,Yes,Yes,No,Yes,No,No,No,Yes,No,Yes,Yes,Yes,Yes,No,No,Yes,No,No,No,Yes,Yes,1.0,0.0,Kuldeep,0.0,0.0,0.0,1.0,0.16666667,0.33333334
512.0,CNN,Yes,Yes,No,Yes,No,Yes,Yes,Yes,Yes,Yes,No,No,Yes,No,Yes,Yes,No,No,No,Yes,Yes,2.0,0.0,Kuldeep,0.0,0.0,0.0,0.6666667,0.33333334,0.33333334
513.0,CNN,Yes,Yes,Yes,Yes,Yes,Yes,Yes,Yes,Yes,Yes,No,No,Yes,No,Yes,Yes,No,No,No,Yes,Yes,1.0,0.0,Kuldeep,1.0,0.0,0.0,0.6666667,0.33333334,0.33333334
513.0,CNN,Yes,Yes,Yes,Yes,No,No,No,Yes,Yes,Yes,Yes,No,Yes,No,Yes,Yes,No,No,No,Yes,No,2.0,-2.0,Kuldeep,0.0,0.0,0.0,1.0,0.33333334,0.33333334
513.0,CNN,No,No,Yes,Yes,No,Yes,No,Yes,Yes,Yes,Yes,No,No,No,Yes,Yes,No,Yes,No,Yes,No,2.0,1.0,Kuldeep,0.0,0.0,1.0,1.0,0.16666667,0.6666667
513.0,CNN,No,No,Yes,Yes,No,Yes,No,Yes,Yes,Yes,Yes,No,Yes,No,Yes,No,No,Yes,No,Yes,Yes,1.0,1.0,Kuldeep,0.0,0.0,1.0,1.0,0.33333334,0.33333334
514.0,CNN,Yes,Yes,No,Yes,No,No,No,Yes,Yes,No,No,No,No,No,No,No,No,No,No,No,No,1.0,1.0,Kuldeep,0.0,0.0,0.0,0.33333334,0.0,0.0
514.0,CNN,No,Yes,Yes,Yes,No,Yes,No,Yes,Yes,No,No,No,Yes,No,Yes,No,No,Yes,No,Yes,Yes,1.0,1.0,Kuldeep,0.0,0.0,1.0,0.33333334,0.33333334,0.33333334
514.0,CNN,No,No,Yes,Yes,No,Yes,Yes,Yes,Yes,No,No,No,Yes,No,Yes,Yes,Yes,Yes,No,Yes,No,2.0,0.0,Kuldeep,0.0,0.0,1.0,0.33333334,0.5,0.6666667
516.0,CNN,Yes,Yes,Yes,Yes,No,Yes,Yes,Yes,Yes,Yes,Yes,No,Yes,No,Yes,No,No,No,No,Yes,Yes,1.0,0.0,Kuldeep,0.0,0.0,0.0,1.0,0.33333334,0.0
516.0,CNN,Yes,Yes,Yes,No,Yes,Yes,Yes,Yes,No,Yes,Yes,No,Yes,No,Yes,No,Yes,No,No,Yes,Yes,1.0,0.0,Kuldeep,1.0,0.0,0.0,1.0,0.5,0.0
516.0,CNN,Yes,Yes,No,Yes,No,No,Yes,Yes,No,Yes,Yes,No,Yes,No,No,No,Yes,No,No,No,Yes,1.0,0.0,Kuldeep,0.0,0.0,0.0,1.0,0.33333334,0.0
518.0,CNN,Yes,Yes,No,Yes,No,Yes,Yes,Yes,No,Yes,No,No,Yes,No,No,No,No,No,No,No,Yes,1.0,0.0,Kuldeep,0.0,0.0,0.0,0.6666667,0.16666667,0.0
519.0,CNN,No,No,Yes,Yes,No,Yes,Yes,Yes,Yes,No,No,No,Yes,No,Yes,No,No,Yes,No,Yes,No,1.0,-1.0,Kuldeep,0.0,0.0,1.0,0.33333334,0.33333334,0.33333334
520.0,CNN,No,Yes,No,Yes,No,No,Yes,Yes,Yes,No,No,No,Yes,No,Yes,No,No,No,No,No,No,1.0,1.0,Kuldeep,0.0,0.0,0.0,0.33333334,0.33333334,0.0
520.0,CNN,No,No,Yes,Yes,No,No,No,Yes,No,Yes,Yes,No,Yes,No,No,No,No,No,No,No,No,1.0,1.0,Kuldeep,0.0,0.0,0.0,1.0,0.16666667,0.0
520.0,CNN,No,No,Yes,Yes,No,Yes,Yes,Yes,Yes,No,No,No,Yes,No,No,No,No,Yes,No,Yes,No,1.0,-1.0,Kuldeep,0.0,0.0,1.0,0.33333334,0.16666667,0.33333334
521.0,CNN,Yes,Yes,Yes,Yes,No,No,No,No,No,Yes,No,No,No,No,No,No,No,No,No,No,Yes,1.0,-1.0,Kuldeep,0.0,0.0,0.0,0.33333334,0.0,0.0
521.0,CNN,Yes,Yes,No,Yes,No,Yes,Yes,Yes,No,Yes,Yes,No,Yes,No,Yes,No,No,No,No,No,Yes,1.0,-1.0,Kuldeep,0.0,0.0,0.0,1.0,0.33333334,0.0
521.0,CNN,Yes,Yes,Yes,Yes,No,Yes,Yes,Yes,Yes,Yes,Yes,No,Yes,No,Yes,No,Yes,No,Yes,Yes,Yes,1.0,0.0,Kuldeep,0.0,0.0,1.0,1.0,0.5,0.33333334
521.0,CNN,Yes,Yes,Yes,Yes,No,Yes,Yes,Yes,Yes,Yes,No,No,Yes,No,Yes,No,No,No,No,No,No,1.0,0.0,Kuldeep,0.0,0.0,0.0,0.6666667,0.33333334,0.0
521.0,CNN,No,No,No,No,No,No,No,No,No,No,No,No,No,No,No,No,No,No,No,No,No,1.0,0.0,Kuldeep,0.0,1.0,0.0,0.0,0.0,0.0
521.0,CNN,Yes,Yes,No,No,Yes,No,No,Yes,Yes,Yes,Yes,No,Yes,No,Yes,Yes,Yes,No,No,Yes,No,1.0,0.0,Pankaj,0.0,0.0,0.0,1.0,0.5,0.33333334
521.0,CNN,No,No,No,No,No,No,No,No,No,No,No,No,No,No,No,No,No,No,No,Yes,Yes,1.0,0.0,Pankaj,0.0,1.0,0.0,0.0,0.0,0.0
521.0,CNN,No,No,No,No,No,Yes,No,No,No,Yes,Yes,No,No,No,Yes,No,No,No,No,Yes,No,1.0,0.0,Pankaj,0.0,1.0,0.0,0.6666667,0.16666667,0.0
523.0,CNN,No,No,Yes,Yes,No,No,No,Yes,No,Yes,Yes,Yes,No,No,Yes,No,No,No,No,Yes,Yes,1.0,0.0,Pankaj,0.0,0.0,0.0,1.0,0.16666667,0.0
523.0,CNN,Yes,Yes,Yes,Yes,No,No,No,Yes,No,Yes,Yes,Yes,Yes,Yes,No,Yes,No,No,No,Yes,Yes,1.0,0.0,Pankaj,0.0,0.0,0.0,1.0,0.33333334,0.33333334
523.0,CNN,Yes,Yes,No,Yes,No,Yes,No,No,No,Yes,Yes,No,Yes,No,Yes,Yes,No,No,No,No,No,1.0,0.0,Pankaj,0.0,0.0,0.0,0.6666667,0.33333334,0.33333334
523.0,CNN,No,Yes,Yes,Yes,No,No,No,Yes,Yes,Yes,No,Yes,No,No,Yes,Yes,No,No,No,Yes,No,1.0,0.0,Pankaj,0.0,0.0,0.0,0.6666667,0.16666667,0.33333334
524.0,CNN,Yes,Yes,No,Yes,No,No,No,Yes,Yes,Yes,Yes,Yes,Yes,No,Yes,No,No,No,No,Yes,No,1.0,0.0,Pankaj,0.0,0.0,0.0,1.0,0.33333334,0.0
524.0,CNN,No,No,Yes,Yes,No,Yes,Yes,Yes,Yes,No,No,Yes,No,No,Yes,No,Yes,No,No,Yes,No,1.0,0.0,Pankaj,0.0,0.0,0.0,0.33333334,0.33333334,0.0
524.0,CNN,Yes,Yes,No,Yes,No,No,No,Yes,No,No,No,Yes,No,No,No,No,No,No,No,Yes,No,1.0,0.0,Pankaj,0.0,0.0,0.0,0.33333334,0.0,0.0
524.0,CNN,No,No,No,No,No,No,No,No,No,No,No,No,No,No,No,No,No,No,No,No,No,1.0,0.0,Pankaj,0.0,1.0,0.0,0.0,0.0,0.0
524.0,CNN,No,No,No,No,No,No,No,No,No,No,No,No,No,No,No,No,No,No,No,Yes,No,1.0,0.0,Pankaj,0.0,1.0,0.0,0.0,0.0,0.0
525.0,CNN,No,No,No,Yes,No,No,No,Yes,Yes,Yes,Yes,Yes,No,No,Yes,No,Yes,Yes,No,No,No,1.0,0.0,Pankaj,0.0,0.0,1.0,1.0,0.33333334,0.33333334
525.0,CNN,Yes,Yes,No,Yes,No,No,No,Yes,No,No,No,No,No,No,No,No,No,No,No,Yes,Yes,1.0,0.0,Pankaj,0.0,0.0,0.0,0.33333334,0.0,0.0
525.0,CNN,No,No,No,No,No,No,No,No,No,No,No,No,No,No,No,No,No,No,No,Yes,Yes,1.0,0.0,Pankaj,0.0,1.0,0.0,0.0,0.0,0.0
525.0,CNN,No,No,No,No,No,No,No,No,No,No,No,No,No,No,No,No,No,No,No,Yes,No,1.0,0.0,Pankaj,0.0,1.0,0.0,0.0,0.0,0.0
525.0,CNN,No,No,No,Yes,No,No,No,No,No,Yes,Yes,Yes,No,No,No,No,No,No,No,Yes,Yes,1.0,0.0,Pankaj,0.0,0.0,0.0,0.6666667,0.0,0.0
525.0,CNN,Yes,Yes,No,Yes,No,No,No,Yes,No,Yes,No,Yes,Yes,No,No,No,No,No,No,Yes,Yes,1.0,0.0,Pankaj,0.0,0.0,0.0,0.6666667,0.16666667,0.0
528.0,CNN,No,No,Yes,Yes,No,No,No,Yes,Yes,Yes,Yes,Yes,No,No,No,Yes,No,No,No,No,No,2.0,0.0,Pankaj,0.0,0.0,0.0,1.0,0.0,0.33333334
529.0,CNN,No,No,Yes,Yes,No,No,No,Yes,No,Yes,Yes,Yes,Yes,No,Yes,No,No,No,No,No,No,1.0,0.0,Pankaj,0.0,0.0,0.0,1.0,0.33333334,0.0
529.0,CNN,No,No,Yes,No,Yes,No,No,Yes,No,No,No,Yes,No,No,Yes,No,No,No,No,No,No,1.0,0.0,Pankaj,1.0,0.0,0.0,0.33333334,0.16666667,0.0
530.0,CNN,Yes,Yes,No,Yes,No,No,No,Yes,No,No,No,Yes,No,No,No,No,No,No,No,Yes,No,1.0,0.0,Pankaj,0.0,0.0,0.0,0.33333334,0.0,0.0
530.0,CNN,Yes,Yes,No,Yes,No,No,No,Yes,Yes,Yes,Yes,No,Yes,No,Yes,Yes,No,No,No,Yes,Yes,1.0,0.0,Pankaj,0.0,0.0,0.0,1.0,0.33333334,0.33333334
530.0,CNN,Yes,Yes,No,No,Yes,No,No,Yes,Yes,Yes,No,No,No,No,No,Yes,No,No,No,No,No,1.0,0.0,Pankaj,0.0,0.0,0.0,0.6666667,0.0,0.33333334
530.0,CNN,No,No,No,No,Yes,No,No,No,No,No,No,No,No,No,No,Yes,No,No,Yes,Yes,No,1.0,0.0,Pankaj,0.0,0.0,1.0,0.0,0.0,0.6666667
530.0,CNN,No,No,No,No,No,No,No,No,No,No,No,No,No,No,No,No,No,No,No,No,No,1.0,0.0,Pankaj,0.0,1.0,0.0,0.0,0.0,0.0
530.0,CNN,No,No,No,No,No,No,No,No,No,No,No,No,No,No,No,No,No,No,No,No,No,1.0,0.0,Pankaj,0.0,1.0,0.0,0.0,0.0,0.0
530.0,CNN,No,No,No,No,No,No,No,No,No,No,No,No,No,No,No,No,No,No,No,No,No,2.0,0.0,Pankaj,0.0,1.0,0.0,0.0,0.0,0.0
532.0,CNN,No,No,No,No,No,No,No,No,No,No,No,No,No,No,No,No,No,No,No,No,No,1.0,0.0,Pankaj,0.0,1.0,0.0,0.0,0.0,0.0
532.0,CNN,Yes,Yes,No,Yes,No,No,No,Yes,No,Yes,Yes,Yes,No,No,Yes,No,No,No,No,Yes,Yes,1.0,0.0,Pankaj,0.0,0.0,0.0,1.0,0.16666667,0.0
532.0,CNN,Yes,Yes,No,Yes,No,No,No,Yes,No,No,No,Yes,No,No,Yes,No,No,No,No,Yes,Yes,1.0,0.0,Pankaj,0.0,0.0,0.0,0.33333334,0.16666667,0.0
532.0,CNN,Yes,Yes,No,No,Yes,Yes,No,No,No,Yes,Yes,No,Yes,No,Yes,No,No,No,No,Yes,Yes,1.0,0.0,Pankaj,0.0,0.0,0.0,0.6666667,0.33333334,0.0
534.0,CNN,No,Yes,No,Yes,No,No,No,No,No,Yes,Yes,No,No,No,Yes,Yes,Yes,No,Yes,Yes,No,1.0,0.0,Pankaj,0.0,0.0,1.0,0.6666667,0.33333334,0.6666667
536.0,CNN,Yes,Yes,No,Yes,No,No,No,Yes,No,Yes,Yes,No,No,No,Yes,No,No,No,No,Yes,No,1.0,0.0,Pankaj,0.0,0.0,0.0,1.0,0.16666667,0.0
539.0,CNN,No,Yes,Yes,Yes,No,No,No,Yes,Yes,Yes,No,Yes,No,No,Yes,No,No,No,No,Yes,Yes,1.0,0.0,Pankaj,0.0,0.0,0.0,0.6666667,0.16666667,0.0
542.0,CNN,No,No,No,No,Yes,No,No,No,No,No,No,No,No,No,No,No,No,No,No,No,No,1.0,0.0,Pankaj,0.0,0.0,0.0,0.0,0.0,0.0
557.0,CNN,Yes,Yes,No,Yes,No,No,No,Yes,Yes,Yes,Yes,Yes,No,No,Yes,Yes,Yes,No,No,Yes,Yes,1.0,0.0,Pankaj,0.0,0.0,0.0,1.0,0.33333334,0.33333334
557.0,CNN,No,No,Yes,Yes,No,No,No,Yes,Yes,Yes,No,Yes,No,No,No,No,No,No,No,Yes,No,1.0,0.0,Pankaj,0.0,0.0,0.0,0.6666667,0.0,0.0
557.0,CNN,Yes,Yes,No,Yes,No,No,No,Yes,No,No,No,Yes,No,No,No,No,No,No,No,Yes,No,1.0,0.0,Pankaj,0.0,0.0,0.0,0.33333334,0.0,0.0
557.0,CNN,No,No,Yes,Yes,No,No,Yes,No,No,Yes,Yes,No,No,Yes,No,Yes,No,No,No,No,No,2.0,0.0,Pankaj,0.0,0.0,0.0,0.6666667,0.16666667,0.33333334
558.0,CNN,Yes,Yes,No,Yes,No,Yes,Yes,Yes,No,Yes,Yes,Yes,No,No,No,No,No,No,No,Yes,No,1.0,0.0,Pankaj,0.0,0.0,0.0,1.0,0.0,0.0
558.0,CNN,No,No,No,No,No,Yes,No,No,No,No,No,No,No,No,No,No,No,No,No,No,No,1.0,0.0,Pankaj,0.0,1.0,0.0,0.0,0.0,0.0
558.0,CNN,No,No,No,No,No,No,Yes,No,No,No,No,No,No,No,No,No,No,No,No,Yes,No,1.0,0.0,Pankaj,0.0,1.0,0.0,0.0,0.0,0.0
587.0,CNN,Yes,Yes,No,Yes,No,No,No,Yes,Yes,No,No,Yes,No,No,No,No,No,No,No,Yes,No,1.0,0.0,Pankaj,0.0,0.0,0.0,0.33333334,0.0,0.0
587.0,CNN,Yes,Yes,Yes,Yes,No,No,No,Yes,No,Yes,Yes,Yes,No,No,Yes,No,No,No,No,Yes,No,1.0,0.0,Pankaj,0.0,0.0,0.0,1.0,0.16666667,0.0
587.0,CNN,No,No,No,No,No,No,No,No,No,No,No,No,No,No,No,No,No,No,No,No,No,0.0,0.0,Arun,0.0,1.0,0.0,0.0,0.0,0.0
587.0,CNN,No,No,No,No,No,No,No,No,No,No,No,No,No,No,No,No,No,No,No,No,No,0.0,0.0,Arun,0.0,1.0,0.0,0.0,0.0,0.0
587.0,CNN,Yes,Yes,Yes,Yes,No,No,No,Yes,Yes,Yes,Yes,No,No,No,Yes,No,No,No,No,Yes,Yes,2.0,0.0,Arun,0.0,0.0,0.0,1.0,0.16666667,0.0
588.0,CNN,Yes,Yes,No,Yes,No,Yes,Yes,Yes,Yes,Yes,Yes,Yes,No,No,Yes,No,No,No,No,Yes,No,3.0,0.0,Arun,0.0,0.0,0.0,1.0,0.16666667,0.0
588.0,CNN,Yes,Yes,No,Yes,No,Yes,Yes,Yes,No,No,No,No,No,No,No,No,No,No,No,Yes,No,2.0,-1.0,Arun,0.0,0.0,0.0,0.33333334,0.0,0.0
588.0,CNN,Yes,No,Yes,Yes,No,Yes,Yes,Yes,Yes,Yes,Yes,Yes,No,No,Yes,Yes,Yes,No,No,Yes,Yes,3.0,0.0,Arun,0.0,0.0,0.0,1.0,0.33333334,0.33333334
588.0,CNN,Yes,Yes,No,Yes,No,Yes,Yes,Yes,No,No,No,No,No,No,No,No,No,No,No,No,No,3.0,0.0,Arun,0.0,0.0,0.0,0.33333334,0.0,0.0
588.0,CNN,Yes,Yes,Yes,Yes,No,Yes,No,Yes,No,Yes,No,No,No,No,Yes,No,No,Yes,No,No,No,3.0,0.0,Arun,0.0,0.0,1.0,0.6666667,0.16666667,0.33333334
588.0,CNN,Yes,Yes,No,Yes,No,Yes,No,Yes,No,No,No,No,No,No,No,No,No,No,No,Yes,No,3.0,0.0,Arun,0.0,0.0,0.0,0.33333334,0.0,0.0
588.0,CNN,Yes,Yes,No,Yes,No,Yes,No,Yes,No,No,No,No,No,No,No,No,No,No,No,No,No,2.0,0.0,Arun,0.0,0.0,0.0,0.33333334,0.0,0.0
588.0,CNN,Yes,Yes,No,Yes,No,Yes,No,Yes,No,Yes,No,No,No,No,Yes,No,No,No,No,Yes,Yes,3.0,0.0,Arun,0.0,0.0,0.0,0.6666667,0.16666667,0.0
588.0,CNN,Yes,Yes,No,Yes,No,Yes,No,Yes,No,No,No,No,No,No,No,No,No,No,No,Yes,No,1.0,0.0,Arun,0.0,0.0,0.0,0.33333334,0.0,0.0
588.0,CNN,Yes,Yes,No,Yes,No,Yes,No,Yes,Yes,Yes,Yes,Yes,No,Yes,Yes,No,No,No,No,Yes,No,3.0,0.0,Arun,0.0,0.0,0.0,1.0,0.33333334,0.0
588.0,CNN,Yes,No,Yes,Yes,No,Yes,No,Yes,Yes,Yes,No,Yes,No,No,Yes,No,Yes,Yes,No,No,No,3.0,0.0,Arun,0.0,0.0,1.0,0.6666667,0.33333334,0.33333334
588.0,CNN,Yes,Yes,No,Yes,No,Yes,No,Yes,Yes,Yes,Yes,Yes,No,No,Yes,No,Yes,No,No,Yes,No,3.0,0.0,Arun,0.0,0.0,0.0,1.0,0.33333334,0.0
588.0,CNN,No,No,No,No,No,Yes,No,No,No,No,No,No,No,No,No,No,No,No,No,Yes,No,1.0,0.0,Arun,0.0,1.0,0.0,0.0,0.0,0.0
588.0,CNN,Yes,Yes,Yes,Yes,No,Yes,Yes,Yes,Yes,Yes,No,Yes,No,No,No,No,No,No,No,No,No,1.0,0.0,Arun,0.0,0.0,0.0,0.6666667,0.0,0.0
588.0,CNN,Yes,Yes,No,Yes,No,Yes,Yes,Yes,Yes,Yes,Yes,Yes,No,No,Yes,No,Yes,No,No,Yes,Yes,3.0,-1.0,Arun,0.0,0.0,0.0,1.0,0.33333334,0.0
588.0,CNN,Yes,No,Yes,Yes,No,Yes,Yes,Yes,Yes,Yes,Yes,Yes,No,No,Yes,No,No,No,No,Yes,No,3.0,0.0,Arun,0.0,0.0,0.0,1.0,0.16666667,0.0
588.0,CNN,Yes,Yes,No,Yes,No,Yes,Yes,Yes,Yes,Yes,No,Yes,No,No,No,No,No,No,No,Yes,No,2.0,0.0,Arun,0.0,0.0,0.0,0.6666667,0.0,0.0
588.0,CNN,Yes,Yes,Yes,Yes,No,No,Yes,Yes,Yes,Yes,Yes,Yes,No,No,Yes,No,No,No,No,Yes,Yes,3.0,0.0,Arun,0.0,0.0,0.0,1.0,0.16666667,0.0
588.0,CNN,Yes,Yes,Yes,Yes,No,Yes,Yes,Yes,Yes,Yes,Yes,Yes,No,No,Yes,No,No,No,No,Yes,Yes,3.0,0.0,Arun,0.0,0.0,0.0,1.0,0.16666667,0.0
588.0,CNN,Yes,Yes,Yes,Yes,No,Yes,Yes,Yes,No,No,No,Yes,No,No,No,No,No,No,No,No,No,2.0,0.0,Arun,0.0,0.0,0.0,0.33333334,0.0,0.0
588.0,CNN,Yes,Yes,Yes,Yes,No,Yes,Yes,Yes,Yes,No,No,Yes,No,No,Yes,No,No,No,No,No,No,3.0,0.0,Arun,0.0,0.0,0.0,0.33333334,0.16666667,0.0
588.0,CNN,Yes,Yes,Yes,Yes,No,Yes,Yes,Yes,Yes,Yes,No,Yes,No,No,No,No,No,No,No,Yes,Yes,2.0,0.0,Arun,0.0,0.0,0.0,0.6666667,0.0,0.0
588.0,CNN,Yes,Yes,Yes,Yes,No,Yes,Yes,Yes,Yes,Yes,No,Yes,No,No,No,No,No,No,No,Yes,Yes,2.0,0.0,Arun,0.0,0.0,0.0,0.6666667,0.0,0.0
595.0,CNN,Yes,Yes,No,No,Yes,Yes,No,Yes,Yes,Yes,Yes,Yes,No,Yes,Yes,Yes,Yes,No,Yes,No,No,3.0,0.0,Arun,0.0,0.0,1.0,1.0,0.5,0.6666667
597.0,CNN,No,Yes,Yes,Yes,No,No,No,No,Yes,Yes,Yes,Yes,No,No,No,No,No,No,No,No,No,1.0,0.0,Arun,0.0,0.0,0.0,0.6666667,0.0,0.0
605.0,CNN,Yes,Yes,Yes,No,Yes,No,No,Yes,Yes,Yes,Yes,Yes,No,No,Yes,No,No,Yes,No,Yes,Yes,2.0,0.0,Arun,1.0,0.0,1.0,1.0,0.16666667,0.33333334
488.0,NBC,Yes,Yes,Yes,Yes,No,No,No,No,No,Yes,Yes,Yes,No,No,Yes,No,No,No,No,Yes,Yes,2.0,0.0,Pankaj,0.0,0.0,0.0,0.6666667,0.16666667,0.0
489.0,NBC,Yes,Yes,Yes,Yes,No,No,No,No,No,Yes,Yes,Yes,No,No,Yes,Yes,No,No,No,Yes,Yes,2.0,0.0,Pankaj,0.0,0.0,0.0,0.6666667,0.16666667,0.33333334
489.0,NBC,Yes,Yes,Yes,Yes,No,Yes,Yes,Yes,No,Yes,Yes,Yes,No,No,Yes,No,No,No,No,Yes,Yes,1.0,0.0,Pankaj,0.0,0.0,0.0,1.0,0.16666667,0.0
489.0,NBC,No,No,No,No,No,No,No,No,No,No,No,No,No,No,No,No,No,No,No,No,No,1.0,0.0,Pankaj,0.0,1.0,0.0,0.0,0.0,0.0
489.0,NBC,Yes,Yes,Yes,Yes,No,Yes,No,No,Yes,Yes,Yes,Yes,No,No,Yes,No,No,No,No,No,No,1.0,0.0,Pankaj,0.0,0.0,0.0,0.6666667,0.16666667,0.0
489.0,NBC,No,No,No,No,No,No,No,No,No,No,No,No,No,No,No,No,No,No,No,Yes,No,1.0,0.0,Pankaj,0.0,1.0,0.0,0.0,0.0,0.0
489.0,NBC,No,No,No,No,No,No,No,No,No,Yes,Yes,No,No,No,No,No,No,No,No,Yes,No,1.0,0.0,Pankaj,0.0,1.0,0.0,0.6666667,0.0,0.0
489.0,NBC,No,No,No,No,No,No,No,No,No,No,No,No,No,No,No,No,No,No,No,Yes,Yes,1.0,0.0,Pankaj,0.0,1.0,0.0,0.0,0.0,0.0
489.0,NBC,Yes,Yes,Yes,Yes,No,No,No,Yes,No,No,No,Yes,No,No,Yes,No,No,No,No,Yes,Yes,1.0,0.0,Pankaj,0.0,0.0,0.0,0.33333334,0.16666667,0.0
489.0,NBC,Yes,Yes,No,Yes,No,No,No,Yes,Yes,No,No,Yes,No,No,No,No,No,No,No,Yes,No,1.0,0.0,Pankaj,0.0,0.0,0.0,0.33333334,0.0,0.0
489.0,NBC,Yes,Yes,No,Yes,No,No,No,No,No,Yes,Yes,Yes,Yes,No,No,No,No,No,No,No,No,1.0,0.0,Pankaj,0.0,0.0,0.0,0.6666667,0.16666667,0.0
489.0,NBC,No,No,No,No,No,No,No,No,No,No,No,No,No,No,No,No,No,No,No,No,No,1.0,0.0,Pankaj,0.0,1.0,0.0,0.0,0.0,0.0
489.0,NBC,No,No,No,No,No,No,No,No,No,No,No,No,No,No,No,No,No,No,No,No,No,1.0,0.0,Pankaj,0.0,1.0,0.0,0.0,0.0,0.0
489.0,NBC,No,No,No,No,No,No,No,No,No,No,No,No,No,No,No,No,No,No,No,No,No,1.0,0.0,Pankaj,0.0,1.0,0.0,0.0,0.0,0.0
489.0,NBC,Yes,Yes,Yes,No,Yes,No,No,No,No,Yes,No,Yes,Yes,No,Yes,No,Yes,No,No,Yes,Yes,1.0,0.0,Pankaj,1.0,0.0,0.0,0.33333334,0.5,0.0
489.0,NBC,No,Yes,Yes,Yes,No,No,No,No,Yes,Yes,Yes,Yes,No,No,Yes,Yes,Yes,Yes,No,No,No,1.0,0.0,Pankaj,0.0,0.0,1.0,0.6666667,0.33333334,0.6666667
489.0,NBC,Yes,Yes,Yes,Yes,No,Yes,No,Yes,No,Yes,Yes,Yes,No,No,Yes,No,No,No,No,Yes,No,1.0,0.0,Pankaj,0.0,0.0,0.0,1.0,0.16666667,0.0
489.0,NBC,Yes,Yes,Yes,Yes,No,Yes,No,No,No,Yes,Yes,Yes,No,No,Yes,No,Yes,No,No,Yes,Yes,1.0,0.0,Pankaj,0.0,0.0,0.0,0.6666667,0.33333334,0.0
489.0,NBC,Yes,Yes,Yes,Yes,No,Yes,No,No,Yes,No,No,Yes,No,No,No,No,No,Yes,No,Yes,Yes,1.0,0.0,Pankaj,0.0,0.0,1.0,0.0,0.0,0.33333334
489.0,NBC,No,Yes,Yes,Yes,No,No,No,No,No,Yes,Yes,Yes,No,No,No,No,No,No,No,No,No,1.0,0.0,Pankaj,0.0,0.0,0.0,0.6666667,0.0,0.0
489.0,NBC,Yes,Yes,Yes,Yes,No,Yes,No,No,No,Yes,Yes,Yes,No,No,Yes,No,No,No,No,No,Yes,1.0,0.0,Pankaj,0.0,0.0,0.0,0.6666667,0.16666667,0.0
490.0,NBC,Yes,Yes,Yes,Yes,No,No,No,No,No,Yes,Yes,Yes,No,No,Yes,No,No,No,No,Yes,Yes,1.0,0.0,Pankaj,0.0,0.0,0.0,0.6666667,0.16666667,0.0
490.0,NBC,No,No,Yes,Yes,No,No,No,Yes,No,Yes,Yes,Yes,No,No,No,No,No,Yes,No,No,Yes,1.0,0.0,Pankaj,0.0,0.0,1.0,1.0,0.0,0.33333334
490.0,NBC,No,No,No,No,No,No,No,No,No,No,No,No,No,No,No,No,No,No,No,No,No,1.0,0.0,Pankaj,0.0,1.0,0.0,0.0,0.0,0.0
490.0,NBC,No,Yes,Yes,Yes,No,No,No,Yes,No,Yes,Yes,Yes,No,No,No,No,No,No,No,No,Yes,1.0,0.0,Pankaj,0.0,0.0,0.0,1.0,0.0,0.0
490.0,NBC,Yes,Yes,Yes,Yes,No,No,No,No,No,Yes,Yes,Yes,No,No,Yes,No,No,No,No,No,No,1.0,0.0,Pankaj,0.0,0.0,0.0,0.6666667,0.16666667,0.0
490.0,NBC,Yes,Yes,Yes,Yes,No,No,No,No,No,Yes,Yes,Yes,No,No,Yes,No,No,No,No,No,Yes,1.0,0.0,Pankaj,0.0,0.0,0.0,0.6666667,0.16666667,0.0
491.0,NBC,Yes,Yes,Yes,Yes,No,No,No,No,No,Yes,Yes,Yes,No,No,No,No,No,No,No,Yes,No,1.0,0.0,Pankaj,0.0,0.0,0.0,0.6666667,0.0,0.0
491.0,NBC,No,No,No,Yes,No,No,No,Yes,No,Yes,Yes,No,No,No,No,No,No,No,No,No,No,2.0,0.0,Pankaj,0.0,0.0,0.0,1.0,0.0,0.0
491.0,NBC,No,Yes,Yes,Yes,No,No,No,No,Yes,Yes,No,Yes,Yes,No,Yes,Yes,Yes,No,No,Yes,Yes,1.0,0.0,Pankaj,0.0,0.0,0.0,0.33333334,0.5,0.33333334
492.0,NBC,No,No,Yes,Yes,No,No,No,Yes,No,Yes,Yes,Yes,Yes,No,Yes,No,No,No,No,No,No,1.0,0.0,Pankaj,0.0,0.0,0.0,1.0,0.33333334,0.0
494.0,NBC,No,No,Yes,Yes,No,Yes,No,Yes,No,Yes,Yes,No,Yes,No,Yes,No,No,No,No,No,No,1.0,0.0,Pankaj,0.0,0.0,0.0,1.0,0.33333334,0.0
494.0,NBC,Yes,Yes,No,Yes,No,No,No,Yes,Yes,Yes,Yes,No,No,No,Yes,No,No,No,No,Yes,No,1.0,0.0,Pankaj,0.0,0.0,0.0,1.0,0.16666667,0.0
494.0,NBC,No,No,No,No,No,No,No,No,No,No,No,No,No,No,No,No,No,No,No,No,No,1.0,0.0,Pankaj,0.0,1.0,0.0,0.0,0.0,0.0
495.0,NBC,Yes,Yes,No,Yes,No,No,No,No,No,No,No,Yes,No,No,Yes,No,No,No,No,Yes,No,1.0,0.0,Pankaj,0.0,0.0,0.0,0.0,0.16666667,0.0
495.0,NBC,Yes,Yes,Yes,Yes,No,No,No,No,No,Yes,Yes,No,No,No,Yes,No,No,No,No,No,No,1.0,0.0,Pankaj,0.0,0.0,0.0,0.6666667,0.16666667,0.0
495.0,NBC,Yes,Yes,No,Yes,No,No,No,Yes,No,No,No,Yes,No,No,No,No,No,No,No,No,No,1.0,0.0,Pankaj,0.0,0.0,0.0,0.33333334,0.0,0.0
496.0,NBC,Yes,Yes,Yes,Yes,No,No,No,Yes,Yes,Yes,Yes,Yes,No,No,Yes,No,Yes,No,Yes,Yes,No,1.0,0.0,Pankaj,0.0,0.0,1.0,1.0,0.33333334,0.33333334
496.0,NBC,Yes,Yes,Yes,Yes,No,No,No,Yes,Yes,Yes,No,Yes,No,No,Yes,Yes,No,No,No,Yes,Yes,2.0,0.0,Pankaj,0.0,0.0,0.0,0.6666667,0.16666667,0.33333334
497.0,NBC,No,No,Yes,Yes,No,No,No,Yes,Yes,Yes,Yes,Yes,No,No,Yes,No,No,No,No,Yes,No,3.0,0.0,Pankaj,0.0,0.0,0.0,1.0,0.16666667,0.0
497.0,NBC,No,No,Yes,No,Yes,No,No,Yes,No,Yes,Yes,Yes,No,No,Yes,No,Yes,Yes,No,Yes,Yes,1.0,0.0,Pankaj,1.0,0.0,1.0,1.0,0.33333334,0.33333334
497.0,NBC,No,Yes,Yes,Yes,No,No,No,No,No,Yes,Yes,No,No,No,No,No,No,No,No,Yes,No,1.0,0.0,Pankaj,0.0,0.0,0.0,0.6666667,0.0,0.0
497.0,NBC,No,No,Yes,No,Yes,No,No,Yes,No,Yes,Yes,No,No,No,No,Yes,No,No,Yes,No,No,2.0,0.0,Pankaj,1.0,0.0,1.0,1.0,0.0,0.6666667
498.0,NBC,Yes,Yes,No,Yes,No,No,No,Yes,No,Yes,Yes,Yes,No,No,No,No,Yes,No,No,Yes,Yes,1.0,0.0,Pankaj,0.0,0.0,0.0,1.0,0.16666667,0.0
498.0,NBC,No,No,Yes,Yes,No,No,No,Yes,Yes,Yes,Yes,Yes,No,No,Yes,No,No,No,No,No,No,1.0,0.0,Pankaj,0.0,0.0,0.0,1.0,0.16666667,0.0
498.0,NBC,No,Yes,Yes,Yes,No,No,No,No,No,Yes,Yes,Yes,No,No,Yes,No,No,No,No,Yes,Yes,1.0,0.0,Pankaj,0.0,0.0,0.0,0.6666667,0.16666667,0.0
498.0,NBC,Yes,Yes,No,Yes,No,No,No,Yes,No,Yes,Yes,Yes,No,No,No,No,No,No,No,Yes,No,1.0,0.0,Pankaj,0.0,0.0,0.0,1.0,0.0,0.0
499.0,NBC,No,Yes,Yes,Yes,No,No,No,Yes,No,Yes,Yes,No,No,No,Yes,No,No,No,No,No,No,1.0,0.0,Pankaj,0.0,0.0,0.0,1.0,0.16666667,0.0
499.0,NBC,No,No,Yes,Yes,No,Yes,No,Yes,Yes,Yes,Yes,Yes,No,No,Yes,Yes,No,Yes,Yes,Yes,No,1.0,0.0,Pankaj,0.0,0.0,1.0,1.0,0.16666667,1.0
499.0,NBC,No,No,Yes,No,Yes,No,No,No,No,Yes,Yes,Yes,No,Yes,No,Yes,No,No,Yes,No,No,2.0,0.0,Pankaj,1.0,0.0,1.0,0.6666667,0.16666667,0.6666667
499.0,NBC,No,No,No,Yes,No,No,No,No,No,No,No,Yes,No,No,No,No,No,No,No,Yes,No,1.0,0.0,Pankaj,0.0,0.0,0.0,0.0,0.0,0.0
499.0,NBC,No,No,Yes,Yes,No,No,No,Yes,Yes,Yes,Yes,Yes,No,No,Yes,No,No,Yes,No,Yes,No,1.0,0.0,Pankaj,0.0,0.0,1.0,1.0,0.16666667,0.33333334
499.0,NBC,Yes,Yes,No,Yes,No,No,No,No,Yes,No,No,No,No,No,No,No,No,No,No,Yes,No,1.0,0.0,Pankaj,0.0,0.0,0.0,0.0,0.0,0.0
499.0,NBC,Yes,Yes,Yes,Yes,No,No,No,Yes,No,Yes,No,Yes,No,No,No,No,No,No,No,Yes,Yes,1.0,0.0,Pankaj,0.0,0.0,0.0,0.6666667,0.0,0.0
499.0,NBC,Yes,No,Yes,Yes,Yes,Yes,No,No,Yes,Yes,Yes,No,Yes,No,Yes,No,No,No,No,No,No,1.0,0.0,Kuldeep,1.0,0.0,0.0,0.6666667,0.33333334,0.0
499.0,NBC,Yes,Yes,Yes,Yes,No,No,No,Yes,No,Yes,No,Yes,No,No,No,No,No,No,No,Yes,Yes,1.0,0.0,Kuldeep,0.0,0.0,0.0,0.6666667,0.0,0.0
499.0,NBC,Yes,Yes,Yes,Yes,No,Yes,No,Yes,Yes,Yes,No,No,Yes,No,Yes,No,No,No,No,No,Yes,1.0,0.0,Kuldeep,0.0,0.0,0.0,0.6666667,0.33333334,0.0
499.0,NBC,Yes,Yes,Yes,Yes,No,No,No,No,No,No,No,Yes,No,No,No,No,No,No,No,Yes,No,1.0,0.0,Kuldeep,0.0,0.0,0.0,0.0,0.0,0.0
499.0,NBC,Yes,Yes,No,Yes,No,Yes,No,Yes,Yes,Yes,No,No,Yes,No,Yes,No,No,No,No,No,No,1.0,0.0,Kuldeep,0.0,0.0,0.0,0.6666667,0.33333334,0.0
499.0,NBC,No,No,No,No,No,Yes,No,No,No,No,No,No,No,No,No,No,No,No,No,No,No,1.0,0.0,Kuldeep,0.0,1.0,0.0,0.0,0.0,0.0
500.0,NBC,Yes,Yes,Yes,Yes,No,Yes,No,Yes,Yes,No,No,No,Yes,No,Yes,No,No,Yes,No,Yes,No,1.0,0.0,Kuldeep,0.0,0.0,1.0,0.33333334,0.33333334,0.33333334
500.0,NBC,No,No,Yes,Yes,No,No,No,No,No,Yes,Yes,Yes,No,No,No,No,No,Yes,No,No,No,1.0,0.0,Kuldeep,0.0,0.0,1.0,0.6666667,0.0,0.33333334
500.0,NBC,Yes,Yes,No,Yes,No,No,No,No,Yes,Yes,No,No,Yes,No,Yes,No,No,No,No,No,No,1.0,0.0,Kuldeep,0.0,0.0,0.0,0.33333334,0.33333334,0.0
501.0,NBC,No,No,Yes,Yes,No,No,No,No,No,Yes,Yes,Yes,No,No,No,No,No,No,No,No,Yes,1.0,0.0,Kuldeep,0.0,0.0,0.0,0.6666667,0.0,0.0
501.0,NBC,Yes,No,Yes,Yes,No,No,No,No,No,Yes,Yes,No,No,No,No,No,No,No,No,No,No,1.0,0.0,Kuldeep,0.0,0.0,0.0,0.6666667,0.0,0.0
501.0,NBC,Yes,Yes,Yes,Yes,No,No,No,Yes,No,Yes,Yes,Yes,No,No,No,Yes,Yes,No,No,Yes,Yes,1.0,0.0,Kuldeep,0.0,0.0,0.0,1.0,0.16666667,0.33333334
501.0,NBC,No,No,Yes,Yes,No,No,No,No,No,Yes,Yes,Yes,No,No,Yes,No,No,No,No,No,No,1.0,0.0,Kuldeep,0.0,0.0,0.0,0.6666667,0.16666667,0.0
502.0,NBC,No,No,Yes,Yes,No,No,No,Yes,No,Yes,Yes,No,Yes,No,Yes,Yes,No,No,No,No,No,1.0,0.0,Kuldeep,0.0,0.0,0.0,1.0,0.33333334,0.33333334
502.0,NBC,Yes,No,Yes,Yes,No,No,No,Yes,No,No,No,No,No,No,No,No,No,No,No,Yes,No,1.0,0.0,Kuldeep,0.0,0.0,0.0,0.33333334,0.0,0.0
502.0,NBC,Yes,No,Yes,Yes,No,No,Yes,No,No,Yes,Yes,No,Yes,No,Yes,No,No,No,No,No,No,1.0,0.0,Kuldeep,0.0,0.0,0.0,0.6666667,0.33333334,0.0
502.0,NBC,No,No,Yes,Yes,No,No,No,Yes,No,Yes,Yes,No,Yes,No,Yes,No,No,No,No,No,No,1.0,0.0,Kuldeep,0.0,0.0,0.0,1.0,0.33333334,0.0
503.0,NBC,No,No,Yes,Yes,No,No,No,Yes,No,Yes,Yes,No,Yes,No,Yes,No,No,No,No,Yes,Yes,2.0,0.0,Kuldeep,0.0,0.0,0.0,1.0,0.33333334,0.0
503.0,NBC,Yes,Yes,No,Yes,No,No,Yes,Yes,No,Yes,Yes,No,Yes,No,Yes,No,No,No,No,Yes,No,1.0,0.0,Kuldeep,0.0,0.0,0.0,1.0,0.33333334,0.0
503.0,NBC,Yes,Yes,No,Yes,No,No,No,Yes,No,Yes,Yes,No,Yes,No,Yes,No,No,No,No,Yes,No,1.0,0.0,Kuldeep,0.0,0.0,0.0,1.0,0.33333334,0.0
503.0,NBC,No,No,Yes,Yes,No,No,No,Yes,No,Yes,Yes,No,Yes,No,No,No,No,No,No,No,No,1.0,0.0,Kuldeep,0.0,0.0,0.0,1.0,0.16666667,0.0
503.0,NBC,No,No,No,No,No,No,No,No,No,No,No,No,No,No,No,No,No,No,No,No,No,1.0,0.0,Kuldeep,0.0,1.0,0.0,0.0,0.0,0.0
503.0,NBC,Yes,Yes,No,Yes,No,No,No,Yes,No,No,No,No,No,No,No,No,No,No,No,Yes,Yes,1.0,0.0,Kuldeep,0.0,0.0,0.0,0.33333334,0.0,0.0
503.0,NBC,Yes,Yes,Yes,Yes,No,No,No,Yes,No,Yes,Yes,No,Yes,No,No,No,No,No,No,No,No,1.0,0.0,Kuldeep,0.0,0.0,0.0,1.0,0.16666667,0.0
503.0,NBC,Yes,Yes,No,Yes,No,No,No,Yes,No,Yes,Yes,Yes,No,No,No,No,No,No,No,Yes,No,2.0,0.0,Kuldeep,0.0,0.0,0.0,1.0,0.0,0.0
503.0,NBC,Yes,Yes,Yes,Yes,No,No,No,Yes,No,Yes,Yes,No,Yes,No,Yes,No,No,No,No,Yes,No,1.0,0.0,Kuldeep,0.0,0.0,0.0,1.0,0.33333334,0.0
503.0,NBC,Yes,Yes,No,No,Yes,No,No,Yes,No,Yes,No,No,No,No,No,No,No,No,No,No,No,1.0,0.0,Kuldeep,0.0,0.0,0.0,0.6666667,0.0,0.0
503.0,NBC,No,No,No,No,No,No,No,No,No,No,No,No,No,No,No,No,No,No,No,Yes,No,1.0,0.0,Kuldeep,0.0,1.0,0.0,0.0,0.0,0.0
503.0,NBC,No,No,No,No,No,No,No,No,No,No,No,No,No,No,No,No,No,No,No,No,Yes,1.0,0.0,Kuldeep,0.0,1.0,0.0,0.0,0.0,0.0
503.0,NBC,Yes,Yes,No,Yes,No,No,No,No,No,Yes,No,No,Yes,No,No,No,No,No,No,No,No,1.0,0.0,Kuldeep,0.0,0.0,0.0,0.33333334,0.16666667,0.0
503.0,NBC,No,No,No,No,No,No,No,No,No,No,No,No,No,No,No,No,No,No,No,Yes,Yes,1.0,0.0,Kuldeep,0.0,1.0,0.0,0.0,0.0,0.0
504.0,NBC,No,No,Yes,Yes,No,No,No,Yes,Yes,Yes,Yes,Yes,No,No,Yes,No,No,No,No,Yes,No,1.0,0.0,Kuldeep,0.0,0.0,0.0,1.0,0.16666667,0.0
504.0,NBC,No,No,Yes,Yes,No,No,No,Yes,No,Yes,Yes,Yes,No,No,Yes,Yes,Yes,No,No,No,No,2.0,0.0,Kuldeep,0.0,0.0,0.0,1.0,0.33333334,0.33333334
504.0,NBC,Yes,Yes,No,Yes,No,No,No,Yes,No,No,No,No,Yes,No,No,No,No,No,No,No,No,1.0,0.0,Kuldeep,0.0,0.0,0.0,0.33333334,0.16666667,0.0
504.0,NBC,Yes,Yes,No,Yes,No,Yes,No,Yes,No,Yes,Yes,No,Yes,No,No,No,No,No,No,No,Yes,1.0,0.0,Kuldeep,0.0,0.0,0.0,1.0,0.16666667,0.0
504.0,NBC,Yes,Yes,Yes,Yes,No,No,No,Yes,No,Yes,Yes,No,Yes,No,No,No,No,No,No,Yes,No,1.0,0.0,Kuldeep,0.0,0.0,0.0,1.0,0.16666667,0.0
504.0,NBC,No,No,No,No,No,No,No,No,No,No,No,No,No,No,No,No,No,No,No,No,No,1.0,0.0,Kuldeep,0.0,1.0,0.0,0.0,0.0,0.0
504.0,NBC,Yes,Yes,Yes,Yes,No,No,No,Yes,No,Yes,Yes,No,Yes,No,Yes,No,Yes,Yes,No,No,No,1.0,0.0,Kuldeep,0.0,0.0,1.0,1.0,0.5,0.33333334
504.0,NBC,No,No,Yes,Yes,No,Yes,No,Yes,No,Yes,Yes,No,Yes,No,Yes,Yes,Yes,Yes,No,Yes,Yes,2.0,-1.0,Kuldeep,0.0,0.0,1.0,1.0,0.5,0.6666667
505.0,NBC,Yes,Yes,Yes,Yes,No,No,No,Yes,Yes,Yes,Yes,No,Yes,No,Yes,Yes,No,No,No,No,No,1.0,0.0,Kuldeep,0.0,0.0,0.0,1.0,0.33333334,0.33333334
505.0,NBC,Yes,Yes,Yes,Yes,No,No,No,Yes,No,Yes,Yes,No,Yes,No,Yes,Yes,No,No,No,No,No,1.0,0.0,Kuldeep,0.0,0.0,0.0,1.0,0.33333334,0.33333334
505.0,NBC,Yes,Yes,No,Yes,Yes,No,No,No,No,Yes,Yes,No,No,No,No,No,Yes,No,No,No,No,1.0,0.0,Kuldeep,0.0,0.0,0.0,0.6666667,0.16666667,0.0
505.0,NBC,No,No,No,No,No,No,No,No,No,No,No,No,No,No,No,No,No,No,No,No,No,1.0,0.0,Kuldeep,0.0,1.0,0.0,0.0,0.0,0.0
505.0,NBC,Yes,Yes,Yes,Yes,No,No,No,No,Yes,Yes,Yes,No,Yes,No,Yes,No,Yes,No,No,No,No,2.0,0.0,Kuldeep,0.0,0.0,0.0,0.6666667,0.5,0.0
505.0,NBC,Yes,Yes,Yes,Yes,No,No,No,Yes,Yes,Yes,No,No,Yes,No,No,No,No,No,No,No,No,1.0,-1.0,Kuldeep,0.0,0.0,0.0,0.6666667,0.16666667,0.0
505.0,NBC,Yes,Yes,No,Yes,No,Yes,No,Yes,No,Yes,Yes,No,Yes,No,Yes,No,No,No,No,Yes,No,1.0,-1.0,Kuldeep,0.0,0.0,0.0,1.0,0.33333334,0.0
506.0,NBC,Yes,Yes,No,Yes,No,Yes,No,Yes,No,Yes,Yes,No,Yes,No,Yes,No,No,No,No,No,Yes,1.0,-1.0,Kuldeep,0.0,0.0,0.0,1.0,0.33333334,0.0
506.0,NBC,No,No,Yes,Yes,No,No,No,Yes,No,Yes,Yes,No,Yes,No,Yes,Yes,No,No,No,Yes,Yes,2.0,0.0,Kuldeep,0.0,0.0,0.0,1.0,0.33333334,0.33333334
506.0,NBC,Yes,Yes,No,Yes,No,Yes,No,No,No,Yes,Yes,No,Yes,No,Yes,No,Yes,No,No,No,No,2.0,0.0,Kuldeep,0.0,0.0,0.0,0.6666667,0.5,0.0
506.0,NBC,Yes,Yes,Yes,Yes,No,Yes,No,Yes,Yes,Yes,Yes,Yes,No,No,Yes,No,No,No,No,Yes,Yes,2.0,0.0,Arun,0.0,0.0,0.0,1.0,0.16666667,0.0
506.0,NBC,Yes,Yes,Yes,Yes,No,Yes,No,Yes,Yes,Yes,Yes,Yes,No,No,Yes,No,Yes,No,No,Yes,Yes,3.0,0.0,Arun,0.0,0.0,0.0,1.0,0.33333334,0.0
506.0,NBC,Yes,Yes,Yes,Yes,No,Yes,No,Yes,Yes,Yes,Yes,Yes,No,No,Yes,No,No,No,No,Yes,Yes,3.0,0.0,Arun,0.0,0.0,0.0,1.0,0.16666667,0.0
506.0,NBC,Yes,Yes,No,Yes,No,Yes,No,Yes,Yes,Yes,Yes,Yes,No,No,Yes,No,Yes,Yes,No,Yes,No,3.0,0.0,Arun,0.0,0.0,1.0,1.0,0.33333334,0.33333334
506.0,NBC,Yes,No,Yes,Yes,No,Yes,No,Yes,Yes,Yes,Yes,Yes,Yes,No,Yes,No,No,No,No,Yes,No,3.0,0.0,Arun,0.0,0.0,0.0,1.0,0.33333334,0.0
506.0,NBC,Yes,Yes,No,Yes,No,Yes,No,Yes,Yes,Yes,No,Yes,No,No,Yes,No,Yes,Yes,No,No,No,3.0,0.0,Arun,0.0,0.0,1.0,0.6666667,0.33333334,0.33333334
506.0,NBC,Yes,Yes,No,Yes,No,Yes,No,Yes,Yes,Yes,No,Yes,No,No,No,No,No,No,No,Yes,Yes,3.0,0.0,Arun,0.0,0.0,0.0,0.6666667,0.0,0.0
506.0,NBC,Yes,Yes,Yes,Yes,No,Yes,No,Yes,Yes,Yes,No,Yes,No,No,Yes,No,No,No,No,Yes,Yes,2.0,0.0,Arun,0.0,0.0,0.0,0.6666667,0.16666667,0.0
506.0,NBC,Yes,Yes,Yes,Yes,No,No,No,Yes,No,Yes,No,Yes,No,No,No,No,No,No,No,Yes,Yes,2.0,0.0,Arun,0.0,0.0,0.0,0.6666667,0.0,0.0
506.0,NBC,Yes,Yes,Yes,Yes,No,No,No,Yes,No,Yes,Yes,Yes,No,No,Yes,Yes,No,No,No,Yes,Yes,3.0,0.0,Arun,0.0,0.0,0.0,1.0,0.16666667,0.33333334
506.0,NBC,Yes,No,Yes,Yes,No,No,No,Yes,No,Yes,Yes,Yes,No,No,Yes,No,Yes,No,No,Yes,Yes,3.0,0.0,Arun,0.0,0.0,0.0,1.0,0.33333334,0.0
506.0,NBC,Yes,No,Yes,Yes,No,Yes,No,Yes,No,Yes,Yes,Yes,Yes,No,Yes,No,No,Yes,No,Yes,No,3.0,0.0,Arun,0.0,0.0,1.0,1.0,0.33333334,0.33333334
506.0,NBC,Yes,Yes,No,Yes,No,Yes,No,Yes,No,Yes,Yes,Yes,No,No,Yes,Yes,Yes,Yes,No,No,No,3.0,2.0,Arun,0.0,0.0,1.0,1.0,0.33333334,0.6666667
506.0,NBC,Yes,Yes,Yes,No,Yes,Yes,No,Yes,No,Yes,Yes,Yes,No,No,Yes,Yes,Yes,No,No,No,Yes,3.0,0.0,Arun,1.0,0.0,0.0,1.0,0.33333334,0.33333334
506.0,NBC,No,No,Yes,Yes,No,Yes,No,Yes,Yes,Yes,Yes,Yes,No,No,Yes,No,No,No,No,Yes,No,3.0,0.0,Arun,0.0,0.0,0.0,1.0,0.16666667,0.0
506.0,NBC,Yes,No,Yes,No,Yes,No,No,Yes,Yes,Yes,Yes,Yes,No,No,Yes,No,No,No,No,Yes,Yes,3.0,0.0,Arun,1.0,0.0,0.0,1.0,0.16666667,0.0
506.0,NBC,Yes,Yes,Yes,Yes,No,No,No,Yes,Yes,Yes,No,Yes,No,No,Yes,No,Yes,No,No,Yes,Yes,3.0,0.0,Arun,0.0,0.0,0.0,0.6666667,0.33333334,0.0
506.0,NBC,Yes,Yes,Yes,Yes,No,No,No,Yes,Yes,Yes,Yes,Yes,No,No,Yes,No,No,No,No,Yes,Yes,3.0,0.0,Arun,0.0,0.0,0.0,1.0,0.16666667,0.0
506.0,NBC,Yes,Yes,Yes,Yes,No,Yes,No,Yes,Yes,Yes,Yes,Yes,Yes,No,Yes,No,Yes,Yes,No,Yes,Yes,3.0,0.0,Arun,0.0,0.0,1.0,1.0,0.5,0.33333334
507.0,NBC,Yes,Yes,Yes,Yes,No,Yes,Yes,Yes,Yes,Yes,No,Yes,No,No,Yes,No,No,No,No,Yes,Yes,3.0,0.0,Arun,0.0,0.0,0.0,0.6666667,0.16666667,0.0
507.0,NBC,Yes,Yes,Yes,Yes,No,Yes,No,Yes,Yes,Yes,Yes,Yes,No,No,Yes,Yes,No,Yes,Yes,Yes,Yes,3.0,0.0,Arun,0.0,0.0,1.0,1.0,0.16666667,1.0
507.0,NBC,Yes,Yes,No,Yes,No,Yes,No,Yes,Yes,Yes,Yes,Yes,No,No,No,Yes,No,Yes,No,No,No,3.0,-1.0,Arun,0.0,0.0,1.0,1.0,0.0,0.6666667
507.0,NBC,No,No,Yes,Yes,No,Yes,No,Yes,Yes,Yes,Yes,Yes,No,Yes,Yes,Yes,Yes,No,Yes,No,No,3.0,0.0,Arun,0.0,0.0,1.0,1.0,0.5,0.6666667
507.0,NBC,Yes,No,Yes,Yes,No,Yes,No,Yes,Yes,Yes,No,Yes,No,No,No,No,No,No,No,Yes,Yes,3.0,0.0,Arun,0.0,0.0,0.0,0.6666667,0.0,0.0
507.0,NBC,Yes,Yes,Yes,Yes,No,Yes,No,Yes,Yes,Yes,No,Yes,No,No,Yes,No,No,No,No,Yes,Yes,3.0,0.0,Arun,0.0,0.0,0.0,0.6666667,0.16666667,0.0
507.0,NBC,Yes,No,Yes,Yes,No,Yes,No,Yes,Yes,Yes,Yes,Yes,Yes,No,Yes,Yes,No,No,No,Yes,Yes,3.0,0.0,Arun,0.0,0.0,0.0,1.0,0.33333334,0.33333334
507.0,NBC,No,No,Yes,No,Yes,Yes,No,Yes,Yes,Yes,Yes,Yes,No,No,Yes,No,No,No,No,No,No,1.0,0.0,Arun,1.0,0.0,0.0,1.0,0.16666667,0.0
507.0,NBC,No,No,Yes,No,Yes,No,No,Yes,Yes,No,No,Yes,No,No,Yes,No,No,No,No,Yes,Yes,1.0,0.0,Arun,1.0,0.0,0.0,0.33333334,0.16666667,0.0
507.0,NBC,Yes,Yes,No,No,Yes,Yes,No,Yes,Yes,Yes,No,Yes,No,No,No,No,No,No,No,Yes,Yes,1.0,0.0,Arun,0.0,0.0,0.0,0.6666667,0.0,0.0
507.0,NBC,Yes,Yes,No,No,Yes,No,No,No,Yes,No,No,Yes,No,No,Yes,No,Yes,No,No,No,No,1.0,0.0,Arun,0.0,0.0,0.0,0.0,0.33333334,0.0
507.0,NBC,Yes,Yes,No,No,Yes,No,No,No,Yes,No,No,Yes,No,No,Yes,No,Yes,No,No,No,No,1.0,0.0,Arun,0.0,0.0,0.0,0.0,0.33333334,0.0
507.0,NBC,Yes,Yes,No,Yes,No,No,No,No,Yes,Yes,No,Yes,No,No,Yes,No,No,No,No,No,No,1.0,0.0,Arun,0.0,0.0,0.0,0.33333334,0.16666667,0.0
507.0,NBC,Yes,Yes,No,Yes,No,No,No,No,Yes,Yes,No,Yes,No,No,Yes,No,No,No,No,No,No,1.0,0.0,Arun,0.0,0.0,0.0,0.33333334,0.16666667,0.0
507.0,NBC,Yes,Yes,No,Yes,No,No,No,No,Yes,No,No,Yes,No,No,No,No,No,No,No,No,No,1.0,0.0,Arun,0.0,0.0,0.0,0.0,0.0,0.0
507.0,NBC,Yes,Yes,Yes,Yes,No,No,No,Yes,Yes,Yes,Yes,Yes,No,No,No,Yes,No,No,No,Yes,Yes,3.0,0.0,Arun,0.0,0.0,0.0,1.0,0.0,0.33333334
507.0,NBC,Yes,No,Yes,Yes,No,Yes,No,Yes,Yes,Yes,Yes,Yes,No,No,Yes,No,No,No,No,Yes,No,3.0,0.0,Arun,0.0,0.0,0.0,1.0,0.16666667,0.0
508.0,NBC,No,No,No,No,No,No,No,No,No,No,No,No,No,No,No,No,No,No,No,No,No,2.0,0.0,Arun,0.0,1.0,0.0,0.0,0.0,0.0
508.0,NBC,Yes,No,Yes,Yes,No,No,No,Yes,Yes,Yes,No,Yes,Yes,No,Yes,No,No,No,No,Yes,Yes,2.0,0.0,Arun,0.0,0.0,0.0,0.6666667,0.33333334,0.0
508.0,NBC,No,No,No,Yes,No,No,No,Yes,Yes,No,No,Yes,No,No,No,No,No,No,No,Yes,No,2.0,0.0,Arun,0.0,0.0,0.0,0.33333334,0.0,0.0
508.0,NBC,Yes,No,Yes,Yes,No,No,No,Yes,Yes,Yes,No,Yes,No,No,Yes,No,No,No,No,Yes,Yes,2.0,0.0,Arun,0.0,0.0,0.0,0.6666667,0.16666667,0.0
509.0,NBC,Yes,No,Yes,Yes,No,Yes,No,Yes,Yes,Yes,No,Yes,No,No,Yes,No,No,Yes,No,Yes,No,3.0,0.0,Arun,0.0,0.0,1.0,0.6666667,0.16666667,0.33333334
509.0,NBC,Yes,Yes,No,Yes,No,No,No,Yes,Yes,No,No,Yes,No,No,No,No,No,No,No,No,Yes,0.0,0.0,Arun,0.0,0.0,0.0,0.33333334,0.0,0.0
509.0,NBC,Yes,No,Yes,Yes,No,Yes,No,Yes,Yes,Yes,Yes,Yes,No,No,No,No,No,No,No,No,No,2.0,0.0,Arun,0.0,0.0,0.0,1.0,0.0,0.0
509.0,NBC,Yes,No,Yes,Yes,No,Yes,No,Yes,Yes,Yes,Yes,Yes,No,No,Yes,Yes,Yes,No,No,No,Yes,2.0,0.0,Arun,0.0,0.0,0.0,1.0,0.33333334,0.33333334
509.0,NBC,Yes,Yes,Yes,Yes,No,Yes,No,Yes,Yes,Yes,Yes,Yes,No,No,No,No,No,No,No,Yes,No,2.0,0.0,Arun,0.0,0.0,0.0,1.0,0.0,0.0
509.0,NBC,Yes,No,Yes,Yes,No,Yes,No,Yes,Yes,Yes,Yes,Yes,No,Yes,Yes,Yes,Yes,Yes,Yes,Yes,No,3.0,0.0,Arun,0.0,0.0,1.0,1.0,0.5,1.0
509.0,NBC,Yes,Yes,No,Yes,No,Yes,No,No,No,No,No,No,No,No,No,No,No,No,No,No,No,2.0,0.0,Arun,0.0,0.0,0.0,0.0,0.0,0.0
509.0,NBC,Yes,No,Yes,Yes,No,Yes,No,Yes,Yes,Yes,No,Yes,No,No,Yes,No,No,Yes,No,Yes,Yes,2.0,0.0,Arun,0.0,0.0,1.0,0.6666667,0.16666667,0.33333334
509.0,NBC,Yes,No,Yes,Yes,No,Yes,No,Yes,Yes,Yes,Yes,Yes,No,No,Yes,No,No,No,No,Yes,No,2.0,0.0,Arun,0.0,0.0,0.0,1.0,0.16666667,0.0
509.0,NBC,Yes,No,Yes,Yes,No,Yes,No,Yes,Yes,No,No,Yes,No,No,No,No,No,No,No,Yes,No,2.0,0.0,Arun,0.0,0.0,0.0,0.33333334,0.0,0.0
510.0,NBC,Yes,Yes,No,Yes,No,No,No,No,No,Yes,Yes,No,Yes,No,No,No,No,No,No,No,No,1.0,0.0,Kuldeep,0.0,0.0,0.0,0.6666667,0.16666667,0.0
510.0,NBC,No,No,Yes,Yes,No,Yes,No,Yes,Yes,Yes,Yes,No,Yes,No,Yes,No,No,No,No,Yes,Yes,1.0,0.0,Kuldeep,0.0,0.0,0.0,1.0,0.33333334,0.0
511.0,NBC,No,No,Yes,No,Yes,No,No,Yes,Yes,Yes,Yes,No,Yes,No,Yes,Yes,Yes,No,No,No,No,1.0,0.0,Kuldeep,1.0,0.0,0.0,1.0,0.5,0.33333334
511.0,NBC,Yes,Yes,No,Yes,No,No,No,No,No,Yes,Yes,No,Yes,No,No,No,No,No,No,No,No,1.0,0.0,Kuldeep,0.0,0.0,0.0,0.6666667,0.16666667,0.0
511.0,NBC,Yes,Yes,Yes,Yes,No,Yes,No,Yes,Yes,Yes,Yes,No,Yes,No,Yes,No,No,Yes,No,No,No,1.0,0.0,Kuldeep,0.0,0.0,1.0,1.0,0.33333334,0.33333334
511.0,NBC,Yes,Yes,No,Yes,No,No,No,Yes,No,Yes,Yes,No,Yes,No,No,No,No,No,No,No,No,1.0,0.0,Kuldeep,0.0,0.0,0.0,1.0,0.16666667,0.0
511.0,NBC,Yes,Yes,No,Yes,No,No,No,Yes,No,No,No,No,No,No,No,No,No,No,No,No,No,1.0,0.0,Kuldeep,0.0,0.0,0.0,0.33333334,0.0,0.0
511.0,NBC,No,No,Yes,Yes,No,Yes,No,Yes,No,Yes,Yes,No,No,No,No,No,No,No,No,No,No,1.0,0.0,Kuldeep,0.0,0.0,0.0,1.0,0.0,0.0
511.0,NBC,Yes,Yes,Yes,Yes,No,No,No,No,No,Yes,Yes,No,No,No,No,No,No,No,No,No,No,1.0,0.0,Kuldeep,0.0,0.0,0.0,0.6666667,0.0,0.0
511.0,NBC,No,No,No,No,No,No,No,No,No,No,No,No,No,No,No,No,No,No,No,No,No,1.0,0.0,Kuldeep,0.0,1.0,0.0,0.0,0.0,0.0
511.0,NBC,No,No,No,No,No,No,No,No,No,No,No,No,No,No,No,No,No,No,No,No,No,1.0,0.0,Kuldeep,0.0,1.0,0.0,0.0,0.0,0.0
511.0,NBC,No,No,No,No,Yes,No,No,Yes,No,No,No,Yes,No,No,Yes,No,No,No,No,Yes,No,1.0,0.0,Kuldeep,0.0,0.0,0.0,0.33333334,0.16666667,0.0
511.0,NBC,Yes,Yes,No,Yes,No,No,No,Yes,No,Yes,Yes,No,No,No,No,No,No,No,No,No,No,1.0,0.0,Kuldeep,0.0,0.0,0.0,1.0,0.0,0.0
511.0,NBC,Yes,Yes,No,Yes,No,No,No,Yes,Yes,Yes,Yes,No,Yes,No,No,No,No,No,No,No,No,1.0,0.0,Kuldeep,0.0,0.0,0.0,1.0,0.16666667,0.0
512.0,NBC,Yes,Yes,No,Yes,No,No,No,No,No,Yes,Yes,No,No,No,No,No,No,No,No,No,No,1.0,0.0,Kuldeep,0.0,0.0,0.0,0.6666667,0.0,0.0
512.0,NBC,Yes,Yes,Yes,Yes,No,No,No,Yes,No,Yes,No,No,No,No,No,No,No,No,No,No,No,1.0,0.0,Kuldeep,0.0,0.0,0.0,0.6666667,0.0,0.0
512.0,NBC,Yes,Yes,Yes,Yes,No,No,No,Yes,No,Yes,Yes,No,No,No,No,No,No,No,No,No,No,1.0,0.0,Kuldeep,0.0,0.0,0.0,1.0,0.0,0.0
512.0,NBC,Yes,Yes,Yes,Yes,No,Yes,No,Yes,No,Yes,Yes,No,Yes,No,Yes,No,Yes,No,No,Yes,Yes,1.0,0.0,Kuldeep,0.0,0.0,0.0,1.0,0.5,0.0
512.0,NBC,Yes,Yes,No,Yes,No,No,No,Yes,No,No,No,No,Yes,No,No,No,No,No,No,No,Yes,1.0,0.0,Kuldeep,0.0,0.0,0.0,0.33333334,0.16666667,0.0
512.0,NBC,Yes,Yes,No,Yes,No,Yes,No,Yes,No,No,No,No,Yes,No,No,No,No,No,No,Yes,No,1.0,0.0,Kuldeep,0.0,0.0,0.0,0.33333334,0.16666667,0.0
512.0,NBC,No,No,No,No,No,Yes,No,No,No,No,No,No,No,No,No,No,No,No,No,Yes,No,1.0,0.0,Kuldeep,0.0,1.0,0.0,0.0,0.0,0.0
512.0,NBC,No,No,Yes,Yes,No,No,No,Yes,No,Yes,Yes,No,Yes,No,Yes,No,No,No,No,No,No,1.0,0.0,Kuldeep,0.0,0.0,0.0,1.0,0.33333334,0.0
512.0,NBC,Yes,Yes,No,Yes,No,No,No,No,No,Yes,Yes,No,Yes,No,Yes,No,No,No,No,Yes,No,1.0,0.0,Kuldeep,0.0,0.0,0.0,0.6666667,0.33333334,0.0
512.0,NBC,Yes,Yes,No,Yes,No,No,No,Yes,No,Yes,Yes,No,Yes,No,No,No,No,No,No,No,No,1.0,0.0,Kuldeep,0.0,0.0,0.0,1.0,0.16666667,0.0
512.0,NBC,No,No,No,No,No,No,No,No,No,Yes,Yes,No,No,No,No,No,No,No,No,No,No,1.0,0.0,Kuldeep,0.0,1.0,0.0,0.6666667,0.0,0.0
512.0,NBC,No,No,No,No,No,Yes,No,No,No,No,No,No,No,No,No,No,No,No,No,No,Yes,1.0,0.0,Kuldeep,0.0,1.0,0.0,0.0,0.0,0.0
513.0,NBC,Yes,Yes,No,Yes,No,Yes,No,Yes,No,Yes,Yes,No,Yes,No,Yes,No,Yes,No,No,No,Yes,1.0,0.0,Kuldeep,0.0,0.0,0.0,1.0,0.5,0.0
513.0,NBC,No,No,Yes,Yes,No,No,No,Yes,No,Yes,Yes,No,No,No,Yes,No,No,Yes,No,No,No,1.0,0.0,Kuldeep,0.0,0.0,1.0,1.0,0.16666667,0.33333334
513.0,NBC,Yes,No,Yes,Yes,No,No,No,Yes,No,Yes,Yes,No,Yes,No,No,No,No,No,No,No,No,1.0,0.0,Kuldeep,0.0,0.0,0.0,1.0,0.16666667,0.0
514.0,NBC,Yes,Yes,Yes,Yes,No,No,No,Yes,No,Yes,Yes,No,Yes,No,Yes,No,No,No,No,Yes,No,1.0,0.0,Kuldeep,0.0,0.0,0.0,1.0,0.33333334,0.0
514.0,NBC,Yes,Yes,No,Yes,No,No,No,No,No,Yes,Yes,No,No,No,No,No,No,No,No,No,No,1.0,0.0,Kuldeep,0.0,0.0,0.0,0.6666667,0.0,0.0
514.0,NBC,No,No,Yes,Yes,No,No,No,Yes,No,Yes,Yes,No,Yes,No,Yes,Yes,Yes,No,No,No,No,3.0,0.0,Kuldeep,0.0,0.0,0.0,1.0,0.5,0.33333334
514.0,NBC,Yes,Yes,No,Yes,No,No,No,No,No,Yes,No,No,No,No,No,No,No,No,No,No,No,1.0,0.0,Kuldeep,0.0,0.0,0.0,0.33333334,0.0,0.0
514.0,NBC,No,No,Yes,Yes,No,Yes,No,Yes,No,Yes,Yes,No,Yes,No,Yes,No,No,Yes,No,Yes,No,1.0,0.0,Kuldeep,0.0,0.0,1.0,1.0,0.33333334,0.33333334
515.0,NBC,Yes,Yes,No,Yes,No,No,No,No,No,Yes,Yes,No,Yes,No,Yes,No,No,No,No,No,No,1.0,0.0,Kuldeep,0.0,0.0,0.0,0.6666667,0.33333334,0.0
515.0,NBC,No,Yes,Yes,Yes,No,No,No,Yes,No,Yes,Yes,No,Yes,No,Yes,No,No,No,No,No,No,2.0,0.0,Kuldeep,0.0,0.0,0.0,1.0,0.33333334,0.0
515.0,NBC,Yes,Yes,No,Yes,No,No,No,No,No,Yes,Yes,No,No,No,Yes,Yes,Yes,No,No,No,No,2.0,0.0,Kuldeep,0.0,0.0,0.0,0.6666667,0.33333334,0.33333334
516.0,NBC,Yes,Yes,Yes,Yes,No,Yes,No,Yes,Yes,Yes,Yes,No,Yes,No,Yes,No,No,No,No,Yes,No,1.0,0.0,Kuldeep,0.0,0.0,0.0,1.0,0.33333334,0.0
516.0,NBC,No,No,Yes,Yes,No,No,No,Yes,No,Yes,Yes,No,No,No,No,No,No,No,No,No,No,1.0,0.0,Kuldeep,0.0,0.0,0.0,1.0,0.0,0.0
516.0,NBC,Yes,Yes,No,Yes,No,No,No,Yes,No,Yes,Yes,No,No,No,No,No,No,No,No,No,No,1.0,0.0,Kuldeep,0.0,0.0,0.0,1.0,0.0,0.0
516.0,NBC,Yes,Yes,No,Yes,No,No,No,No,No,Yes,Yes,No,Yes,No,Yes,No,No,No,No,No,No,1.0,0.0,Kuldeep,0.0,0.0,0.0,0.6666667,0.33333334,0.0
517.0,NBC,Yes,Yes,No,Yes,No,No,No,Yes,No,No,No,No,No,No,No,No,No,No,No,No,No,1.0,0.0,Kuldeep,0.0,0.0,0.0,0.33333334,0.0,0.0
517.0,NBC,Yes,Yes,Yes,Yes,No,No,No,Yes,No,Yes,Yes,No,Yes,No,No,No,No,No,No,No,No,1.0,0.0,Kuldeep,0.0,0.0,0.0,1.0,0.16666667,0.0
518.0,NBC,Yes,Yes,Yes,Yes,No,No,No,Yes,No,Yes,Yes,No,Yes,No,Yes,Yes,No,No,No,Yes,No,2.0,-1.0,Kuldeep,0.0,0.0,0.0,1.0,0.33333334,0.33333334
518.0,NBC,Yes,Yes,Yes,Yes,No,No,No,Yes,No,Yes,Yes,No,Yes,No,Yes,No,No,No,No,Yes,No,2.0,-1.0,Kuldeep,0.0,0.0,0.0,1.0,0.33333334,0.0
518.0,NBC,No,No,Yes,Yes,No,No,No,Yes,No,Yes,Yes,No,Yes,No,Yes,No,No,No,No,No,No,1.0,0.0,Kuldeep,0.0,0.0,0.0,1.0,0.33333334,0.0
518.0,NBC,Yes,Yes,No,Yes,No,Yes,No,Yes,No,Yes,Yes,No,Yes,No,No,No,No,No,No,No,Yes,1.0,0.0,Kuldeep,0.0,0.0,0.0,1.0,0.16666667,0.0
518.0,NBC,No,No,No,No,No,No,No,No,No,No,No,No,No,No,No,No,No,No,No,Yes,No,1.0,0.0,Kuldeep,0.0,1.0,0.0,0.0,0.0,0.0
519.0,NBC,Yes,Yes,No,Yes,No,No,No,No,No,Yes,Yes,No,No,No,No,No,No,No,No,Yes,Yes,1.0,0.0,Kuldeep,0.0,0.0,0.0,0.6666667,0.0,0.0
520.0,NBC,No,No,Yes,Yes,No,No,No,Yes,Yes,Yes,Yes,Yes,No,No,Yes,Yes,No,No,No,Yes,No,1.0,0.0,Pankaj,0.0,0.0,0.0,1.0,0.16666667,0.33333334
520.0,NBC,No,No,Yes,Yes,No,No,No,Yes,No,Yes,Yes,Yes,No,No,Yes,No,Yes,No,No,Yes,Yes,1.0,0.0,Pankaj,0.0,0.0,0.0,1.0,0.33333334,0.0
520.0,NBC,No,No,Yes,Yes,No,Yes,No,Yes,Yes,Yes,Yes,Yes,No,No,Yes,No,No,No,No,Yes,Yes,1.0,0.0,Pankaj,0.0,0.0,0.0,1.0,0.16666667,0.0
521.0,NBC,Yes,Yes,No,Yes,No,No,No,Yes,No,Yes,Yes,Yes,No,No,Yes,No,No,Yes,No,Yes,No,1.0,0.0,Pankaj,0.0,0.0,1.0,1.0,0.16666667,0.33333334
521.0,NBC,No,No,Yes,Yes,No,No,No,Yes,No,Yes,Yes,Yes,No,No,Yes,No,No,Yes,No,Yes,Yes,1.0,0.0,Pankaj,0.0,0.0,1.0,1.0,0.16666667,0.33333334
521.0,NBC,Yes,Yes,No,Yes,No,No,No,Yes,No,Yes,Yes,Yes,No,No,Yes,No,No,No,No,Yes,No,1.0,0.0,Pankaj,0.0,0.0,0.0,1.0,0.16666667,0.0
521.0,NBC,Yes,Yes,No,Yes,No,No,No,Yes,No,Yes,Yes,Yes,Yes,No,Yes,No,Yes,No,No,No,No,1.0,0.0,Pankaj,0.0,0.0,0.0,1.0,0.5,0.0
521.0,NBC,Yes,Yes,No,Yes,No,No,No,No,No,Yes,No,Yes,No,No,No,No,No,No,No,Yes,No,1.0,0.0,Pankaj,0.0,0.0,0.0,0.33333334,0.0,0.0
523.0,NBC,No,No,Yes,Yes,No,Yes,No,Yes,No,Yes,Yes,Yes,No,No,No,No,Yes,No,Yes,Yes,No,1.0,0.0,Pankaj,0.0,0.0,1.0,1.0,0.16666667,0.33333334
523.0,NBC,No,No,Yes,Yes,No,No,No,Yes,No,Yes,Yes,Yes,No,No,Yes,No,No,Yes,No,No,No,1.0,0.0,Pankaj,0.0,0.0,1.0,1.0,0.16666667,0.33333334
523.0,NBC,No,No,Yes,No,Yes,No,No,Yes,No,Yes,Yes,Yes,No,No,Yes,Yes,Yes,Yes,No,Yes,Yes,2.0,0.0,Pankaj,1.0,0.0,1.0,1.0,0.33333334,0.6666667
523.0,NBC,No,Yes,Yes,Yes,No,No,No,Yes,No,Yes,No,Yes,No,No,Yes,No,No,No,No,Yes,No,1.0,0.0,Pankaj,0.0,0.0,0.0,0.6666667,0.16666667,0.0
523.0,NBC,No,No,No,No,No,No,No,No,No,No,No,No,No,No,No,No,No,No,No,No,Yes,1.0,0.0,Pankaj,0.0,1.0,0.0,0.0,0.0,0.0
523.0,NBC,Yes,Yes,No,Yes,No,No,No,Yes,No,Yes,No,Yes,No,No,No,No,No,No,No,Yes,No,1.0,0.0,Pankaj,0.0,0.0,0.0,0.6666667,0.0,0.0
524.0,NBC,Yes,Yes,No,Yes,No,No,No,Yes,No,Yes,No,Yes,No,No,No,No,No,No,No,No,No,1.0,0.0,Pankaj,0.0,0.0,0.0,0.6666667,0.0,0.0
524.0,NBC,Yes,Yes,No,Yes,No,No,No,Yes,No,Yes,No,Yes,No,No,Yes,Yes,No,No,No,No,No,1.0,0.0,Pankaj,0.0,0.0,0.0,0.6666667,0.16666667,0.33333334
524.0,NBC,No,No,No,No,No,No,No,No,No,No,No,No,No,No,No,No,No,No,No,No,No,1.0,0.0,Pankaj,0.0,1.0,0.0,0.0,0.0,0.0
524.0,NBC,No,No,Yes,Yes,No,No,No,Yes,No,Yes,Yes,Yes,No,No,Yes,No,No,No,No,No,No,1.0,0.0,Pankaj,0.0,0.0,0.0,1.0,0.16666667,0.0
524.0,NBC,No,No,Yes,Yes,No,No,No,Yes,No,Yes,Yes,Yes,No,No,Yes,Yes,Yes,Yes,No,Yes,No,2.0,0.0,Pankaj,0.0,0.0,1.0,1.0,0.33333334,0.6666667
525.0,NBC,No,No,Yes,Yes,No,No,No,Yes,No,Yes,Yes,Yes,No,No,Yes,No,No,No,No,Yes,No,1.0,0.0,Pankaj,0.0,0.0,0.0,1.0,0.16666667,0.0
525.0,NBC,Yes,Yes,No,Yes,No,No,No,Yes,No,No,No,No,No,No,No,No,No,No,No,Yes,Yes,1.0,0.0,Pankaj,0.0,0.0,0.0,0.33333334,0.0,0.0
525.0,NBC,No,No,No,No,Yes,No,No,Yes,No,Yes,No,Yes,No,No,No,No,No,No,No,No,Yes,1.0,0.0,Pankaj,0.0,0.0,0.0,0.6666667,0.0,0.0
525.0,NBC,Yes,Yes,No,Yes,No,No,No,Yes,No,Yes,Yes,Yes,No,No,No,No,No,No,No,No,No,1.0,0.0,Pankaj,0.0,0.0,0.0,1.0,0.0,0.0
525.0,NBC,Yes,Yes,Yes,No,Yes,No,No,Yes,No,Yes,Yes,Yes,No,No,Yes,No,No,No,No,Yes,Yes,1.0,0.0,Pankaj,1.0,0.0,0.0,1.0,0.16666667,0.0
525.0,NBC,Yes,Yes,No,Yes,No,No,No,Yes,No,Yes,Yes,Yes,No,No,Yes,No,No,No,No,Yes,No,1.0,0.0,Pankaj,0.0,0.0,0.0,1.0,0.16666667,0.0
525.0,NBC,No,No,No,No,No,Yes,No,No,No,No,No,No,No,No,No,No,No,No,No,No,No,1.0,0.0,Pankaj,0.0,1.0,0.0,0.0,0.0,0.0
526.0,NBC,No,No,No,No,No,No,No,No,No,No,No,No,No,No,No,No,No,No,No,No,No,1.0,0.0,Pankaj,0.0,1.0,0.0,0.0,0.0,0.0
527.0,NBC,No,No,Yes,Yes,No,No,No,Yes,No,Yes,Yes,Yes,No,No,Yes,No,No,No,No,No,No,1.0,0.0,Pankaj,0.0,0.0,0.0,1.0,0.16666667,0.0
529.0,NBC,Yes,Yes,No,Yes,No,No,No,No,No,Yes,Yes,Yes,No,No,Yes,No,No,No,No,No,Yes,1.0,0.0,Pankaj,0.0,0.0,0.0,0.6666667,0.16666667,0.0
529.0,NBC,No,No,Yes,Yes,No,No,No,Yes,No,Yes,Yes,Yes,No,No,Yes,No,No,Yes,No,Yes,No,1.0,0.0,Pankaj,0.0,0.0,1.0,1.0,0.16666667,0.33333334
529.0,NBC,Yes,Yes,No,Yes,No,No,No,Yes,No,Yes,No,Yes,No,No,No,No,No,No,No,Yes,No,1.0,0.0,Pankaj,0.0,0.0,0.0,0.6666667,0.0,0.0
530.0,NBC,Yes,Yes,No,Yes,No,No,No,Yes,No,Yes,Yes,Yes,No,No,Yes,Yes,Yes,No,No,Yes,No,1.0,0.0,Pankaj,0.0,0.0,0.0,1.0,0.33333334,0.33333334
530.0,NBC,No,Yes,Yes,Yes,No,No,No,Yes,Yes,Yes,Yes,Yes,No,No,Yes,No,Yes,No,No,Yes,No,1.0,0.0,Pankaj,0.0,0.0,0.0,1.0,0.33333334,0.0
530.0,NBC,Yes,Yes,Yes,Yes,No,No,No,No,No,Yes,Yes,Yes,Yes,No,Yes,Yes,No,No,No,No,No,1.0,0.0,Pankaj,0.0,0.0,0.0,0.6666667,0.33333334,0.33333334
530.0,NBC,No,No,No,No,No,No,No,No,No,No,No,No,No,No,No,No,No,No,No,No,No,1.0,0.0,Pankaj,0.0,1.0,0.0,0.0,0.0,0.0
531.0,NBC,Yes,Yes,No,Yes,No,No,No,Yes,No,Yes,No,Yes,Yes,No,Yes,No,Yes,No,No,Yes,Yes,1.0,0.0,Pankaj,0.0,0.0,0.0,0.6666667,0.5,0.0
531.0,NBC,No,No,No,No,Yes,No,No,Yes,No,Yes,No,No,Yes,No,Yes,No,No,No,No,Yes,No,1.0,0.0,Pankaj,0.0,0.0,0.0,0.6666667,0.33333334,0.0
531.0,NBC,Yes,Yes,No,Yes,No,No,No,No,No,Yes,Yes,Yes,No,No,Yes,No,No,No,No,No,No,1.0,0.0,Pankaj,0.0,0.0,0.0,0.6666667,0.16666667,0.0
531.0,NBC,No,No,Yes,Yes,No,No,No,Yes,No,Yes,No,Yes,No,No,No,No,No,No,No,No,No,1.0,0.0,Pankaj,0.0,0.0,0.0,0.6666667,0.0,0.0
532.0,NBC,No,No,No,No,No,No,No,No,No,No,No,No,No,No,No,No,No,No,No,Yes,Yes,1.0,0.0,Pankaj,0.0,1.0,0.0,0.0,0.0,0.0
532.0,NBC,No,No,Yes,Yes,No,No,No,Yes,No,Yes,No,Yes,No,No,No,No,No,No,No,Yes,Yes,1.0,0.0,Pankaj,0.0,0.0,0.0,0.6666667,0.0,0.0
532.0,NBC,Yes,Yes,Yes,Yes,No,No,No,No,No,No,No,Yes,No,No,No,No,No,No,No,No,No,1.0,0.0,Pankaj,0.0,0.0,0.0,0.0,0.0,0.0
532.0,NBC,Yes,Yes,No,Yes,No,Yes,No,Yes,No,Yes,No,Yes,No,No,Yes,No,No,Yes,No,Yes,No,1.0,0.0,Pankaj,0.0,0.0,1.0,0.6666667,0.16666667,0.33333334
532.0,NBC,Yes,Yes,No,Yes,No,Yes,No,Yes,Yes,Yes,Yes,Yes,No,No,Yes,No,No,No,No,Yes,Yes,3.0,0.0,Arun,0.0,0.0,0.0,1.0,0.16666667,0.0
532.0,NBC,Yes,Yes,No,Yes,No,Yes,No,Yes,Yes,Yes,Yes,Yes,No,No,Yes,No,No,No,No,No,No,3.0,0.0,Arun,0.0,0.0,0.0,1.0,0.16666667,0.0
533.0,NBC,Yes,Yes,No,Yes,No,No,No,Yes,Yes,Yes,No,Yes,No,No,No,No,No,No,No,No,No,2.0,0.0,Arun,0.0,0.0,0.0,0.6666667,0.0,0.0
536.0,NBC,Yes,Yes,No,Yes,No,No,No,Yes,Yes,Yes,No,Yes,No,No,No,No,No,No,No,No,No,2.0,0.0,Arun,0.0,0.0,0.0,0.6666667,0.0,0.0
536.0,NBC,No,No,Yes,Yes,No,No,No,Yes,No,Yes,No,Yes,No,No,No,No,No,No,No,No,No,1.0,0.0,Arun,0.0,0.0,0.0,0.6666667,0.0,0.0
536.0,NBC,Yes,Yes,No,Yes,No,No,No,Yes,No,Yes,Yes,Yes,No,No,No,No,No,No,No,No,No,2.0,0.0,Arun,0.0,0.0,0.0,1.0,0.0,0.0
537.0,NBC,Yes,Yes,No,Yes,No,No,No,Yes,Yes,Yes,No,Yes,No,No,No,No,No,No,No,No,Yes,2.0,0.0,Arun,0.0,0.0,0.0,0.6666667,0.0,0.0
537.0,NBC,Yes,Yes,No,Yes,No,No,No,Yes,Yes,Yes,Yes,Yes,No,Yes,Yes,Yes,Yes,No,Yes,Yes,Yes,2.0,0.0,Arun,0.0,0.0,1.0,1.0,0.5,0.6666667
539.0,NBC,Yes,No,Yes,Yes,No,No,No,Yes,Yes,Yes,Yes,Yes,No,No,Yes,Yes,Yes,No,No,Yes,Yes,3.0,0.0,Arun,0.0,0.0,0.0,1.0,0.33333334,0.33333334
540.0,NBC,No,No,No,No,No,No,No,No,No,No,No,No,No,No,No,No,No,No,No,No,No,0.0,0.0,Arun,0.0,1.0,0.0,0.0,0.0,0.0
541.0,NBC,Yes,No,Yes,Yes,No,No,No,Yes,Yes,Yes,Yes,Yes,Yes,No,Yes,No,No,No,No,Yes,No,2.0,0.0,Arun,0.0,0.0,0.0,1.0,0.33333334,0.0
541.0,NBC,Yes,No,Yes,No,Yes,No,No,Yes,Yes,Yes,Yes,Yes,No,No,Yes,No,No,No,No,Yes,Yes,2.0,0.0,Arun,1.0,0.0,0.0,1.0,0.16666667,0.0
543.0,NBC,Yes,No,Yes,No,Yes,No,No,Yes,No,Yes,Yes,No,No,No,No,Yes,No,No,No,No,No,2.0,0.0,Arun,1.0,0.0,0.0,1.0,0.0,0.33333334
545.0,NBC,Yes,Yes,No,Yes,No,No,No,Yes,Yes,Yes,No,No,No,No,No,No,No,No,No,No,No,0.0,0.0,Arun,0.0,0.0,0.0,0.6666667,0.0,0.0
546.0,NBC,Yes,No,Yes,Yes,No,No,No,Yes,Yes,Yes,No,No,No,No,No,No,No,No,No,Yes,Yes,1.0,0.0,Arun,0.0,0.0,0.0,0.6666667,0.0,0.0
547.0,NBC,Yes,No,No,Yes,No,No,No,Yes,Yes,Yes,Yes,Yes,Yes,No,Yes,No,No,No,No,Yes,No,1.0,0.0,Arun,0.0,0.0,0.0,1.0,0.33333334,0.0
551.0,NBC,Yes,No,Yes,Yes,No,No,No,Yes,Yes,Yes,Yes,Yes,No,No,No,No,No,No,No,No,No,1.0,0.0,Arun,0.0,0.0,0.0,1.0,0.0,0.0
551.0,NBC,Yes,No,Yes,Yes,No,No,No,Yes,Yes,Yes,Yes,Yes,No,No,Yes,No,No,No,No,No,No,1.0,0.0,Arun,0.0,0.0,0.0,1.0,0.16666667,0.0
551.0,NBC,Yes,No,No,Yes,No,No,No,Yes,No,No,No,Yes,No,No,No,No,No,No,No,No,Yes,1.0,0.0,Arun,0.0,0.0,0.0,0.33333334,0.0,0.0
543.0,NBC,Yes,Yes,Yes,Yes,No,No,No,Yes,No,No,No,Yes,No,No,Yes,No,No,No,No,No,Yes,1.0,0.0,Arun,0.0,0.0,0.0,0.33333334,0.16666667,0.0
561.0,NBC,No,No,Yes,Yes,No,Yes,No,Yes,Yes,Yes,Yes,No,Yes,No,Yes,No,No,No,No,No,Yes,2.0,0.0,Kuldeep,0.0,0.0,0.0,1.0,0.33333334,0.0
557.0,NBC,Yes,Yes,No,Yes,No,No,No,No,No,Yes,Yes,No,Yes,No,Yes,No,No,No,No,No,Yes,2.0,0.0,Kuldeep,0.0,0.0,0.0,0.6666667,0.33333334,0.0
557.0,NBC,Yes,Yes,No,No,Yes,No,No,No,No,Yes,Yes,No,Yes,No,Yes,Yes,Yes,No,No,No,Yes,2.0,0.0,Kuldeep,0.0,0.0,0.0,0.6666667,0.5,0.33333334
557.0,NBC,No,No,Yes,Yes,No,No,No,No,No,Yes,No,No,Yes,No,Yes,No,No,No,No,Yes,No,1.0,0.0,Kuldeep,0.0,0.0,0.0,0.33333334,0.33333334,0.0
557.0,NBC,Yes,Yes,No,Yes,No,No,No,Yes,No,No,No,No,No,No,No,No,No,No,No,No,No,1.0,0.0,Kuldeep,0.0,0.0,0.0,0.33333334,0.0,0.0
557.0,NBC,Yes,Yes,No,Yes,No,Yes,No,Yes,No,No,No,No,Yes,No,No,No,No,No,No,No,No,1.0,0.0,Kuldeep,0.0,0.0,0.0,0.33333334,0.16666667,0.0
558.0,NBC,No,No,No,No,No,No,No,No,No,No,No,No,No,No,No,No,No,No,No,No,No,1.0,0.0,Kuldeep,0.0,1.0,0.0,0.0,0.0,0.0
558.0,NBC,Yes,Yes,No,Yes,No,No,No,Yes,No,Yes,Yes,No,Yes,No,Yes,No,No,No,No,No,No,1.0,0.0,Kuldeep,0.0,0.0,0.0,1.0,0.33333334,0.0
558.0,NBC,Yes,Yes,No,Yes,No,No,No,Yes,No,Yes,Yes,No,Yes,No,Yes,No,No,No,No,No,No,1.0,0.0,Kuldeep,0.0,0.0,0.0,1.0,0.33333334,0.0
559.0,NBC,Yes,Yes,No,Yes,No,Yes,No,Yes,No,Yes,Yes,No,Yes,No,No,No,No,No,No,No,No,1.0,0.0,Kuldeep,0.0,0.0,0.0,1.0,0.16666667,0.0
562.0,NBC,Yes,Yes,No,Yes,No,No,No,Yes,No,Yes,Yes,No,Yes,No,Yes,No,No,No,No,Yes,No,1.0,0.0,Kuldeep,0.0,0.0,0.0,1.0,0.33333334,0.0
562.0,NBC,Yes,Yes,No,No,No,No,No,Yes,No,Yes,Yes,No,Yes,No,Yes,No,Yes,No,No,Yes,No,3.0,0.0,Kuldeep,0.0,1.0,0.0,1.0,0.5,0.0
562.0,NBC,No,No,Yes,Yes,No,No,No,Yes,No,Yes,No,No,No,No,No,No,No,No,No,No,No,1.0,0.0,Kuldeep,0.0,0.0,0.0,0.6666667,0.0,0.0
563.0,NBC,No,No,No,Yes,No,No,No,Yes,No,Yes,Yes,No,Yes,No,No,No,No,No,No,No,No,1.0,0.0,Kuldeep,0.0,0.0,0.0,1.0,0.16666667,0.0
564.0,NBC,No,No,Yes,Yes,No,No,No,Yes,No,Yes,Yes,No,Yes,No,No,No,No,No,No,No,No,1.0,0.0,Kuldeep,0.0,0.0,0.0,1.0,0.16666667,0.0
568.0,NBC,Yes,Yes,No,Yes,No,No,No,Yes,No,Yes,Yes,Yes,No,No,No,No,No,No,No,No,No,1.0,0.0,Kuldeep,0.0,0.0,0.0,1.0,0.0,0.0
578.0,NBC,Yes,Yes,No,Yes,No,No,No,Yes,No,Yes,Yes,Yes,Yes,No,Yes,No,No,No,No,Yes,Yes,1.0,0.0,Kuldeep,0.0,0.0,0.0,1.0,0.33333334,0.0
578.0,NBC,Yes,Yes,No,Yes,No,No,No,Yes,No,No,No,No,Yes,No,Yes,No,No,No,No,No,Yes,1.0,0.0,Kuldeep,0.0,0.0,0.0,0.33333334,0.33333334,0.0
578.0,NBC,No,No,Yes,Yes,No,Yes,No,Yes,No,Yes,Yes,No,Yes,No,Yes,No,No,No,No,Yes,Yes,1.0,0.0,Kuldeep,0.0,0.0,0.0,1.0,0.33333334,0.0
578.0,NBC,No,No,Yes,No,Yes,No,No,Yes,No,Yes,Yes,No,No,No,Yes,No,Yes,No,No,No,No,1.0,0.0,Kuldeep,1.0,0.0,0.0,1.0,0.33333334,0.0
587.0,NBC,Yes,Yes,No,Yes,No,No,No,Yes,No,Yes,Yes,Yes,No,No,Yes,No,No,No,No,Yes,No,1.0,0.0,Pankaj,0.0,0.0,0.0,1.0,0.16666667,0.0
587.0,NBC,Yes,Yes,No,Yes,No,No,No,Yes,No,Yes,Yes,Yes,No,No,Yes,No,No,No,No,Yes,No,1.0,0.0,Pankaj,0.0,0.0,0.0,1.0,0.16666667,0.0
587.0,NBC,Yes,Yes,Yes,Yes,No,No,No,Yes,No,Yes,Yes,No,No,No,Yes,No,No,No,No,Yes,No,1.0,0.0,Pankaj,0.0,0.0,0.0,1.0,0.16666667,0.0
587.0,NBC,Yes,Yes,Yes,Yes,No,No,No,Yes,No,Yes,Yes,No,No,No,Yes,No,No,No,No,Yes,No,1.0,0.0,Pankaj,0.0,0.0,0.0,1.0,0.16666667,0.0
587.0,NBC,Yes,Yes,Yes,Yes,No,No,No,No,No,No,No,No,No,No,Yes,No,No,No,Yes,Yes,Yes,1.0,0.0,Pankaj,0.0,0.0,1.0,0.0,0.16666667,0.33333334
588.0,NBC,Yes,Yes,Yes,Yes,No,No,No,Yes,No,Yes,Yes,Yes,No,No,Yes,No,No,No,No,Yes,No,1.0,0.0,Pankaj,0.0,0.0,0.0,1.0,0.16666667,0.0
588.0,NBC,Yes,Yes,No,Yes,No,No,No,Yes,No,Yes,Yes,Yes,No,No,No,No,No,Yes,No,No,No,1.0,0.0,Pankaj,0.0,0.0,1.0,1.0,0.0,0.33333334
588.0,NBC,Yes,Yes,No,Yes,No,Yes,No,Yes,No,Yes,Yes,Yes,No,No,Yes,Yes,Yes,No,Yes,Yes,No,1.0,0.0,Pankaj,0.0,0.0,1.0,1.0,0.33333334,0.6666667
588.0,NBC,Yes,Yes,No,Yes,No,Yes,No,No,No,Yes,Yes,Yes,No,No,Yes,No,No,Yes,No,Yes,No,1.0,0.0,Pankaj,0.0,0.0,1.0,0.6666667,0.16666667,0.33333334
588.0,NBC,Yes,Yes,No,Yes,No,No,Yes,Yes,No,Yes,Yes,Yes,No,No,Yes,No,Yes,No,No,Yes,No,2.0,0.0,Pankaj,0.0,0.0,0.0,1.0,0.33333334,0.0
588.0,NBC,Yes,Yes,No,No,Yes,No,No,Yes,Yes,No,No,Yes,No,No,Yes,No,Yes,No,No,Yes,No,3.0,0.0,Arun,0.0,0.0,0.0,0.33333334,0.33333334,0.0
588.0,NBC,Yes,Yes,No,No,Yes,No,No,Yes,Yes,Yes,Yes,Yes,No,No,Yes,Yes,Yes,No,No,Yes,No,3.0,0.0,Arun,0.0,0.0,0.0,1.0,0.33333334,0.33333334
588.0,NBC,Yes,Yes,No,No,Yes,No,No,Yes,No,No,No,No,No,No,No,No,No,No,No,No,No,1.0,0.0,Arun,0.0,0.0,0.0,0.33333334,0.0,0.0
588.0,NBC,Yes,Yes,No,No,Yes,No,No,Yes,Yes,Yes,Yes,Yes,No,Yes,Yes,Yes,No,No,Yes,No,No,3.0,0.0,Arun,0.0,0.0,1.0,1.0,0.33333334,0.6666667
588.0,NBC,Yes,Yes,No,Yes,No,No,No,Yes,Yes,No,No,Yes,No,No,Yes,No,No,No,No,Yes,No,3.0,0.0,Arun,0.0,0.0,0.0,0.33333334,0.16666667,0.0
588.0,NBC,Yes,Yes,No,Yes,No,No,No,Yes,Yes,Yes,Yes,Yes,No,No,No,No,No,No,No,No,No,1.0,0.0,Arun,0.0,0.0,0.0,1.0,0.0,0.0
588.0,NBC,Yes,Yes,No,No,Yes,No,No,Yes,Yes,Yes,Yes,Yes,No,No,Yes,No,No,No,No,No,No,1.0,0.0,Arun,0.0,0.0,0.0,1.0,0.16666667,0.0
588.0,NBC,No,No,No,No,No,No,No,No,No,No,No,No,No,No,No,No,No,No,No,No,No,1.0,0.0,Arun,0.0,1.0,0.0,0.0,0.0,0.0
588.0,NBC,Yes,Yes,No,Yes,No,Yes,No,Yes,Yes,Yes,Yes,Yes,No,No,Yes,No,No,No,No,Yes,Yes,2.0,0.0,Arun,0.0,0.0,0.0,1.0,0.16666667,0.0
588.0,NBC,Yes,Yes,No,No,Yes,Yes,No,Yes,Yes,Yes,Yes,Yes,No,No,Yes,No,No,No,No,Yes,Yes,2.0,0.0,Arun,0.0,0.0,0.0,1.0,0.16666667,0.0
588.0,NBC,Yes,Yes,No,No,Yes,No,No,Yes,Yes,Yes,Yes,Yes,No,No,No,No,No,No,No,No,No,2.0,0.0,Arun,0.0,0.0,0.0,1.0,0.0,0.0
588.0,NBC,Yes,Yes,No,No,Yes,No,No,Yes,Yes,Yes,Yes,Yes,No,No,No,No,No,No,No,No,No,2.0,0.0,Arun,0.0,0.0,0.0,1.0,0.0,0.0
588.0,NBC,Yes,Yes,No,No,Yes,Yes,No,Yes,Yes,Yes,Yes,Yes,No,No,No,No,No,No,No,No,No,2.0,0.0,Arun,0.0,0.0,0.0,1.0,0.0,0.0
590.0,NBC,Yes,Yes,No,No,Yes,No,No,Yes,Yes,Yes,Yes,Yes,No,No,No,No,No,No,No,Yes,Yes,2.0,0.0,Arun,0.0,0.0,0.0,1.0,0.0,0.0
597.0,NBC,No,Yes,No,Yes,No,No,No,Yes,Yes,Yes,No,Yes,No,No,No,No,No,No,No,No,No,0.0,0.0,Arun,0.0,0.0,0.0,0.6666667,0.0,0.0
608.0,NBC,No,No,No,No,No,No,No,No,No,No,No,No,No,No,No,No,No,No,No,No,No,0.0,0.0,Arun,0.0,1.0,0.0,0.0,0.0,0.0
617.0,NBC,Yes,Yes,No,Yes,No,Yes,No,Yes,Yes,Yes,Yes,Yes,No,No,Yes,No,No,No,No,Yes,No,2.0,0.0,Arun,0.0,0.0,0.0,1.0,0.16666667,0.0
489.0,CNN,No,No,No,No,No,No,Yes,No,No,No,No,No,No,No,No,No,No,No,No,No,No,1.0,0.0,Christine,0.0,1.0,0.0,0.0,0.0,0.0
489.0,CNN,No,No,No,No,No,No,No,Yes,No,No,No,Yes,No,No,No,No,No,No,No,No,No,1.0,0.0,Christine,0.0,1.0,0.0,0.33333334,0.0,0.0
495.0,CNN,Yes,No,No,Yes,No,No,Yes,Yes,Yes,No,No,No,No,No,No,No,No,No,No,No,No,1.0,0.0,Christine,0.0,0.0,0.0,0.33333334,0.0,0.0
502.0,CNN,No,No,No,No,No,No,No,No,No,No,No,No,No,No,No,No,No,No,No,No,No,1.0,0.0,Christine,0.0,1.0,0.0,0.0,0.0,0.0
505.0,CNN,No,No,No,No,No,No,Yes,No,No,No,No,No,No,No,No,No,No,No,No,No,No,1.0,0.0,Christine,0.0,1.0,0.0,0.0,0.0,0.0
506.0,CNN,Yes,Yes,No,Yes,Yes,No,Yes,No,Yes,No,No,No,No,No,No,No,No,No,No,Yes,No,1.0,2.0,Christine,0.0,0.0,0.0,0.0,0.0,0.0
506.0,CNN,Yes,Yes,No,Yes,No,No,Yes,No,Yes,No,No,No,No,No,No,No,No,No,No,No,Yes,2.0,-2.0,Christine,0.0,0.0,0.0,0.0,0.0,0.0
506.0,CNN,Yes,No,Yes,No,Yes,No,Yes,Yes,Yes,Yes,Yes,Yes,Yes,No,No,No,No,No,No,No,No,1.0,-1.0,Christine,1.0,0.0,0.0,1.0,0.16666667,0.0
506.0,CNN,No,No,No,No,No,No,Yes,No,No,No,No,No,No,No,No,No,No,No,No,No,No,1.0,-1.0,Christine,0.0,1.0,0.0,0.0,0.0,0.0
506.0,CNN,,,,,,,,,,,,,,,,,,,,,,,,Christine,,1.0,0.0,,,
506.0,CNN,Yes,Yes,Yes,Yes,Yes,No,Yes,Yes,Yes,Yes,Yes,Yes,Yes,Yes,Yes,Yes,No,No,No,Yes,Yes,3.0,-1.0,Christine,1.0,0.0,0.0,1.0,0.5,0.33333334
507.0,CNN,Yes,Yes,No,Yes,No,No,No,Yes,Yes,No,No,Yes,Yes,No,No,No,No,No,No,Yes,No,3.0,-2.0,Christine,0.0,0.0,0.0,0.33333334,0.16666667,0.0
507.0,CNN,Yes,No,Yes,No,No,No,No,No,Yes,Yes,Yes,No,No,No,No,No,No,No,No,No,No,2.0,3.0,Christine,0.0,1.0,0.0,0.6666667,0.0,0.0
507.0,CNN,Yes,Yes,No,Yes,No,No,Yes,No,Yes,No,No,No,No,No,No,No,No,No,No,Yes,No,1.0,1.0,Christine,0.0,0.0,0.0,0.0,0.0,0.0
507.0,CNN,Yes,Yes,No,Yes,No,Yes,No,Yes,Yes,No,No,Yes,Yes,No,Yes,No,No,Yes,No,No,No,3.0,2.0,Christine,0.0,0.0,1.0,0.33333334,0.33333334,0.33333334
507.0,CNN,Yes,Yes,No,Yes,No,No,No,No,Yes,No,No,Yes,No,No,No,No,No,No,No,No,No,1.0,-1.0,Christine,0.0,0.0,0.0,0.0,0.0,0.0
507.0,CNN,,,,,,,,,,,,,,,,,,,,,,,,Christine,,1.0,0.0,,,
507.0,CNN,Yes,Yes,Yes,Yes,No,No,No,Yes,Yes,Yes,Yes,No,Yes,No,Yes,Yes,No,No,No,No,No,1.0,0.0,Christine,0.0,0.0,0.0,1.0,0.33333334,0.33333334
508.0,CNN,Yes,Yes,No,Yes,No,Yes,Yes,Yes,Yes,No,No,Yes,Yes,No,No,No,No,No,No,No,Yes,3.0,-2.0,Christine,0.0,0.0,0.0,0.33333334,0.16666667,0.0
508.0,CNN,Yes,Yes,No,Yes,No,No,Yes,Yes,Yes,No,No,No,No,No,No,No,No,No,No,No,Yes,1.0,0.0,Christine,0.0,0.0,0.0,0.33333334,0.0,0.0
508.0,CNN,Yes,Yes,Yes,Yes,Yes,No,Yes,Yes,Yes,Yes,No,Yes,Yes,No,No,No,No,No,No,No,Yes,2.0,-1.0,Christine,1.0,0.0,0.0,0.6666667,0.16666667,0.0
508.0,CNN,Yes,Yes,No,No,No,Yes,No,Yes,Yes,No,No,Yes,No,No,No,No,No,No,No,No,No,1.0,0.0,Christine,0.0,1.0,0.0,0.33333334,0.0,0.0
509.0,CNN,No,No,No,No,No,No,Yes,No,No,No,No,No,No,No,No,No,No,No,No,No,No,1.0,0.0,Christine,0.0,1.0,0.0,0.0,0.0,0.0
509.0,CNN,Yes,No,Yes,No,No,No,Yes,No,No,No,No,No,No,No,No,No,No,No,No,No,No,1.0,2.0,Christine,0.0,1.0,0.0,0.0,0.0,0.0
509.0,CNN,No,No,No,No,No,No,No,No,No,No,No,No,No,No,No,No,No,No,No,No,No,1.0,1.0,Christine,0.0,1.0,0.0,0.0,0.0,0.0
509.0,CNN,Yes,Yes,Yes,No,No,No,Yes,No,No,Yes,No,Yes,No,No,No,No,No,No,No,No,No,1.0,1.0,Christine,0.0,1.0,0.0,0.33333334,0.0,0.0
510.0,CNN,No,No,No,No,No,No,No,No,No,No,No,No,No,No,No,No,No,No,No,No,No,2.0,1.0,Christine,0.0,1.0,0.0,0.0,0.0,0.0
511.0,CNN,No,No,No,No,No,No,Yes,No,No,No,No,No,No,No,No,No,No,No,No,No,No,1.0,-1.0,Christine,0.0,1.0,0.0,0.0,0.0,0.0
512.0,CNN,Yes,Yes,No,Yes,No,No,Yes,Yes,Yes,Yes,Yes,Yes,No,No,No,Yes,No,No,No,No,Yes,4.0,2.0,Christine,0.0,0.0,0.0,1.0,0.0,0.33333334
513.0,CNN,Yes,No,Yes,No,No,No,No,No,No,No,No,No,No,No,No,No,No,No,No,No,No,2.0,2.0,Christine,0.0,1.0,0.0,0.0,0.0,0.0
519.0,CNN,Yes,Yes,Yes,Yes,No,No,No,Yes,Yes,Yes,Yes,Yes,Yes,Yes,Yes,Yes,Yes,No,No,Yes,No,3.0,0.0,Christine,0.0,0.0,0.0,1.0,0.6666667,0.33333334
519.0,CNN,Yes,Yes,Yes,No,Yes,No,Yes,Yes,No,Yes,Yes,No,No,No,No,Yes,No,No,No,No,No,1.0,0.0,Christine,1.0,0.0,0.0,1.0,0.0,0.33333334
520.0,CNN,Yes,Yes,Yes,No,Yes,No,Yes,Yes,No,Yes,Yes,No,Yes,No,Yes,Yes,Yes,No,No,No,No,1.0,0.0,Christine,1.0,0.0,0.0,1.0,0.5,0.33333334
520.0,CNN,No,No,No,No,No,No,Yes,No,No,No,No,No,No,No,No,No,No,No,No,No,No,1.0,0.0,Christine,0.0,1.0,0.0,0.0,0.0,0.0
521.0,CNN,No,No,No,No,No,No,No,No,No,No,No,No,No,No,No,No,No,No,No,No,No,1.0,0.0,Christine,0.0,1.0,0.0,0.0,0.0,0.0
521.0,CNN,Yes,Yes,Yes,No,Yes,No,No,Yes,Yes,Yes,Yes,No,No,No,Yes,Yes,Yes,No,No,No,No,1.0,0.0,Christine,1.0,0.0,0.0,1.0,0.33333334,0.33333334
521.0,CNN,Yes,Yes,Yes,Yes,No,No,No,Yes,No,Yes,Yes,No,No,No,No,Yes,No,No,No,No,No,1.0,0.0,Christine,0.0,0.0,0.0,1.0,0.0,0.33333334
521.0,CNN,Yes,No,Yes,No,No,No,Yes,Yes,Yes,Yes,Yes,Yes,Yes,Yes,No,Yes,Yes,No,Yes,No,No,4.0,3.0,Christine,0.0,1.0,1.0,1.0,0.5,0.6666667
521.0,CNN,No,No,No,No,No,No,No,No,No,No,No,No,No,No,No,No,No,No,No,No,No,1.0,0.0,Christine,0.0,1.0,0.0,0.0,0.0,0.0
521.0,CNN,No,No,No,No,No,No,Yes,No,No,No,No,No,No,No,No,No,No,No,No,No,No,1.0,0.0,Christine,0.0,1.0,0.0,0.0,0.0,0.0
521.0,CNN,Yes,No,Yes,Yes,No,No,Yes,Yes,Yes,Yes,Yes,No,No,No,No,Yes,No,No,No,No,No,1.0,0.0,Christine,0.0,0.0,0.0,1.0,0.0,0.33333334
522.0,CNN,Yes,Yes,Yes,No,Yes,No,No,Yes,Yes,No,No,Yes,Yes,No,Yes,No,Yes,No,No,Yes,No,2.0,0.0,Christine,1.0,0.0,0.0,0.33333334,0.5,0.0
522.0,CNN,No,No,No,No,No,No,Yes,No,No,No,No,No,No,No,No,No,No,No,No,No,No,1.0,0.0,Christine,0.0,1.0,0.0,0.0,0.0,0.0
523.0,CNN,Yes,Yes,Yes,No,Yes,No,No,Yes,No,Yes,Yes,No,No,No,Yes,No,Yes,No,No,No,No,2.0,1.0,Christine,1.0,0.0,0.0,1.0,0.33333334,0.0
524.0,CNN,Yes,Yes,No,Yes,No,No,Yes,Yes,Yes,Yes,No,Yes,No,No,No,No,No,No,No,No,No,1.0,0.0,Christine,0.0,0.0,0.0,0.6666667,0.0,0.0
524.0,CNN,No,No,No,No,No,No,Yes,No,No,No,No,No,No,No,No,No,No,No,No,No,No,1.0,-2.0,Christine,0.0,1.0,0.0,0.0,0.0,0.0
524.0,CNN,No,No,No,No,No,No,Yes,No,No,No,No,No,No,No,No,No,No,No,No,No,No,2.0,-2.0,Christine,0.0,1.0,0.0,0.0,0.0,0.0
524.0,CNN,No,No,Yes,No,No,No,Yes,No,No,Yes,Yes,Yes,No,No,No,Yes,No,No,No,No,No,2.0,-1.0,Christine,0.0,1.0,0.0,0.6666667,0.0,0.33333334
526.0,CNN,Yes,No,Yes,No,No,No,No,Yes,Yes,Yes,Yes,Yes,Yes,Yes,No,Yes,Yes,No,Yes,No,No,4.0,0.0,Christine,0.0,1.0,1.0,1.0,0.5,0.6666667
526.0,CNN,No,No,No,No,No,No,Yes,No,No,No,No,No,No,No,No,No,No,No,No,No,No,1.0,0.0,Christine,0.0,1.0,0.0,0.0,0.0,0.0
527.0,CNN,No,No,No,No,No,No,Yes,No,No,No,No,No,No,No,No,No,No,No,No,No,No,2.0,-1.0,Christine,0.0,1.0,0.0,0.0,0.0,0.0
527.0,CNN,Yes,Yes,No,No,No,No,No,Yes,Yes,Yes,Yes,Yes,Yes,No,Yes,Yes,No,No,Yes,Yes,No,3.0,-1.0,Christine,0.0,1.0,1.0,1.0,0.33333334,0.6666667
530.0,CNN,Yes,Yes,No,Yes,No,No,No,Yes,No,No,No,No,No,No,Yes,Yes,No,No,No,No,No,1.0,0.0,Christine,0.0,0.0,0.0,0.33333334,0.16666667,0.33333334
530.0,CNN,Yes,Yes,Yes,Yes,No,No,No,Yes,No,Yes,Yes,No,No,No,Yes,Yes,No,No,No,No,No,2.0,0.0,Christine,0.0,0.0,0.0,1.0,0.16666667,0.33333334
530.0,CNN,Yes,Yes,Yes,Yes,No,No,Yes,Yes,No,No,No,No,No,No,Yes,Yes,No,No,No,No,No,1.0,0.0,Christine,0.0,0.0,0.0,0.33333334,0.16666667,0.33333334
530.0,CNN,Yes,No,Yes,No,No,No,Yes,Yes,No,No,No,Yes,No,No,No,No,Yes,No,Yes,No,No,4.0,0.0,Christine,0.0,1.0,1.0,0.33333334,0.16666667,0.33333334
531.0,CNN,Yes,Yes,Yes,Yes,No,No,Yes,Yes,Yes,Yes,Yes,Yes,Yes,No,Yes,No,Yes,No,No,No,Yes,3.0,0.0,Christine,0.0,0.0,0.0,1.0,0.5,0.0
532.0,CNN,Yes,Yes,No,Yes,No,No,No,Yes,Yes,Yes,No,Yes,Yes,No,No,No,No,No,No,No,No,3.0,-1.0,Christine,0.0,0.0,0.0,0.6666667,0.16666667,0.0
535.0,CNN,No,No,No,No,No,No,No,No,No,No,No,No,No,No,No,No,No,No,No,No,No,1.0,0.0,Christine,0.0,1.0,0.0,0.0,0.0,0.0
536.0,CNN,No,No,No,Yes,No,No,No,Yes,No,Yes,Yes,No,No,Yes,No,Yes,No,No,No,No,No,1.0,0.0,Christine,0.0,0.0,0.0,1.0,0.16666667,0.33333334
536.0,CNN,No,No,No,No,No,No,No,No,No,No,No,No,No,No,No,No,No,No,No,No,No,1.0,0.0,Christine,0.0,1.0,0.0,0.0,0.0,0.0
540.0,CNN,Yes,Yes,No,Yes,No,No,No,Yes,Yes,Yes,Yes,Yes,No,No,Yes,Yes,Yes,No,Yes,Yes,No,4.0,-2.0,Christine,0.0,0.0,1.0,1.0,0.33333334,0.6666667
541.0,CNN,No,No,No,No,No,No,No,No,No,No,No,No,No,No,No,No,No,No,No,No,No,1.0,0.0,Christine,0.0,1.0,0.0,0.0,0.0,0.0
557.0,CNN,Yes,Yes,Yes,No,No,No,No,Yes,Yes,Yes,Yes,Yes,No,No,No,No,No,No,No,No,No,1.0,0.0,Christine,0.0,1.0,0.0,1.0,0.0,0.0
558.0,CNN,Yes,Yes,No,Yes,No,No,No,Yes,Yes,Yes,No,Yes,Yes,No,No,No,No,No,No,No,No,2.0,0.0,Christine,0.0,0.0,0.0,0.6666667,0.16666667,0.0
558.0,CNN,Yes,Yes,No,Yes,No,No,No,Yes,Yes,Yes,Yes,Yes,Yes,No,Yes,No,Yes,No,No,No,Yes,2.0,0.0,Christine,0.0,0.0,0.0,1.0,0.5,0.0
559.0,CNN,No,No,No,Yes,No,No,No,No,No,Yes,Yes,No,No,Yes,No,Yes,No,No,Yes,No,Yes,3.0,0.0,Christine,0.0,0.0,1.0,0.6666667,0.16666667,0.6666667
559.0,CNN,No,No,No,No,No,No,No,No,No,Yes,Yes,No,No,No,No,Yes,No,No,Yes,No,No,3.0,0.0,Christine,0.0,1.0,1.0,0.6666667,0.0,0.6666667
559.0,CNN,No,No,No,No,No,No,No,Yes,No,Yes,Yes,No,No,No,Yes,Yes,No,No,No,No,Yes,2.0,0.0,Christine,0.0,1.0,0.0,1.0,0.16666667,0.33333334
559.0,CNN,No,No,No,No,No,No,No,Yes,No,Yes,Yes,No,No,No,Yes,Yes,No,No,Yes,No,No,3.0,0.0,Christine,0.0,1.0,1.0,1.0,0.16666667,0.6666667
562.0,CNN,,,,,,,,,,,,,,,,,,,,,,,,Christine,,1.0,0.0,,,
563.0,CNN,No,No,No,No,No,No,No,No,No,No,No,No,No,No,No,No,No,No,No,No,No,1.0,0.0,Christine,0.0,1.0,0.0,0.0,0.0,0.0
581.0,CNN,No,No,No,No,No,No,No,No,No,No,No,No,No,No,No,No,No,No,No,No,No,1.0,0.0,Christine,0.0,1.0,0.0,0.0,0.0,0.0
581.0,CNN,No,No,No,No,No,No,No,No,No,No,No,No,No,No,No,No,No,No,No,No,No,1.0,0.0,Christine,0.0,1.0,0.0,0.0,0.0,0.0
581.0,CNN,No,No,No,No,No,No,No,No,No,No,No,No,No,No,No,No,No,No,No,No,No,1.0,0.0,Christine,0.0,1.0,0.0,0.0,0.0,0.0
588.0,CNN,Yes,Yes,Yes,Yes,Yes,No,Yes,Yes,No,No,No,Yes,Yes,No,Yes,Yes,Yes,Yes,No,No,No,2.0,0.0,Christine,1.0,0.0,1.0,0.33333334,0.5,0.6666667
601.0,CNN,Yes,No,No,No,No,No,Yes,Yes,Yes,Yes,No,Yes,No,No,No,No,No,No,No,No,No,2.0,0.0,Christine,0.0,1.0,0.0,0.6666667,0.0,0.0
602.0,CNN,Yes,No,No,No,No,No,No,Yes,Yes,Yes,No,Yes,No,Yes,No,No,No,No,No,Yes,No,1.0,0.0,Christine,0.0,1.0,0.0,0.6666667,0.16666667,0.0
604.0,CNN,Yes,Yes,No,Yes,No,No,Yes,Yes,Yes,Yes,No,Yes,No,No,No,No,No,No,No,No,No,2.0,0.0,Christine,0.0,0.0,0.0,0.6666667,0.0,0.0
608.0,CNN,No,No,No,No,No,No,No,No,No,No,No,No,No,No,No,No,No,No,No,No,No,1.0,0.0,Christine,0.0,1.0,0.0,0.0,0.0,0.0
614.0,CNN,No,No,No,No,No,No,Yes,No,No,No,No,No,No,No,No,No,No,No,No,No,No,1.0,0.0,Christine,0.0,1.0,0.0,0.0,0.0,0.0
620.0,CNN,No,No,No,No,No,No,No,No,No,No,No,No,No,No,No,No,No,No,No,No,No,1.0,-1.0,Christine,0.0,1.0,0.0,0.0,0.0,0.0
489.0,NBC,Yes,Yes,Yes,Yes,No,No,No,No,Yes,No,No,Yes,Yes,No,No,No,No,No,No,No,No,1.0,0.0,Christine,0.0,0.0,0.0,0.0,0.16666667,0.0
489.0,NBC,Yes,Yes,Yes,Yes,No,No,No,Yes,Yes,Yes,No,Yes,Yes,No,Yes,Yes,No,No,No,No,No,2.0,0.0,Christine,0.0,0.0,0.0,0.6666667,0.33333334,0.33333334
489.0,NBC,Yes,Yes,Yes,No,No,No,No,No,No,No,No,Yes,No,No,No,No,No,No,No,No,No,2.0,0.0,Christine,0.0,1.0,0.0,0.0,0.0,0.0
492.0,NBC,No,No,No,No,No,No,No,No,No,No,No,No,No,No,No,No,No,No,No,No,No,2.0,-2.0,Christine,0.0,1.0,0.0,0.0,0.0,0.0
493.0,NBC,Yes,Yes,Yes,No,No,No,No,No,No,Yes,No,Yes,No,No,Yes,No,Yes,No,No,No,No,1.0,1.0,Christine,0.0,1.0,0.0,0.33333334,0.33333334,0.0
501.0,NBC,Yes,Yes,Yes,No,No,No,No,Yes,Yes,Yes,No,Yes,Yes,No,Yes,No,No,No,No,Yes,No,1.0,0.0,Christine,0.0,1.0,0.0,0.6666667,0.33333334,0.0
503.0,NBC,Yes,Yes,Yes,Yes,No,No,No,Yes,No,Yes,Yes,Yes,Yes,No,No,No,No,No,No,No,No,1.0,0.0,Christine,0.0,0.0,0.0,1.0,0.16666667,0.0
504.0,NBC,Yes,Yes,No,No,No,No,No,No,No,No,No,Yes,No,No,No,No,No,No,No,Yes,Yes,1.0,0.0,Christine,0.0,1.0,0.0,0.0,0.0,0.0
507.0,NBC,Yes,No,Yes,No,No,No,No,No,No,No,No,No,No,No,No,No,No,No,No,No,No,3.0,-3.0,Christine,0.0,1.0,0.0,0.0,0.0,0.0
507.0,NBC,Yes,Yes,Yes,Yes,Yes,Yes,No,Yes,Yes,Yes,Yes,Yes,No,Yes,Yes,No,Yes,Yes,No,No,No,2.0,-1.0,Christine,1.0,0.0,1.0,1.0,0.5,0.33333334
507.0,NBC,Yes,Yes,No,Yes,No,No,No,Yes,Yes,Yes,No,Yes,Yes,No,No,No,No,Yes,Yes,Yes,Yes,1.0,-2.0,Christine,0.0,0.0,1.0,0.6666667,0.16666667,0.6666667
507.0,NBC,Yes,Yes,Yes,No,No,No,No,Yes,Yes,Yes,Yes,Yes,Yes,Yes,Yes,Yes,Yes,Yes,Yes,Yes,Yes,4.0,-1.0,Christine,0.0,1.0,1.0,1.0,0.6666667,1.0
507.0,NBC,Yes,Yes,Yes,Yes,No,No,No,Yes,Yes,No,No,Yes,Yes,No,Yes,Yes,Yes,Yes,No,No,No,2.0,-1.0,Christine,0.0,0.0,1.0,0.33333334,0.5,0.6666667
508.0,NBC,Yes,Yes,Yes,Yes,No,No,Yes,Yes,Yes,Yes,Yes,Yes,Yes,No,No,No,Yes,No,No,Yes,Yes,3.0,-1.0,Christine,0.0,0.0,0.0,1.0,0.33333334,0.0
508.0,NBC,Yes,No,Yes,No,Yes,No,No,Yes,Yes,Yes,Yes,No,Yes,No,Yes,Yes,Yes,No,No,Yes,Yes,1.0,0.0,Christine,1.0,0.0,0.0,1.0,0.5,0.33333334
508.0,NBC,Yes,Yes,Yes,Yes,No,No,No,Yes,Yes,Yes,Yes,No,No,No,Yes,No,Yes,No,No,Yes,Yes,3.0,2.0,Christine,0.0,0.0,0.0,1.0,0.33333334,0.0
508.0,NBC,Yes,Yes,No,No,No,No,No,Yes,Yes,No,No,Yes,No,No,Yes,No,Yes,Yes,No,No,No,2.0,-1.0,Christine,0.0,1.0,1.0,0.33333334,0.33333334,0.33333334
508.0,NBC,Yes,Yes,Yes,Yes,No,No,No,Yes,Yes,Yes,No,No,No,No,No,No,No,No,No,No,No,2.0,1.0,Christine,0.0,0.0,0.0,0.6666667,0.0,0.0
509.0,NBC,Yes,Yes,Yes,Yes,Yes,No,No,Yes,Yes,Yes,Yes,Yes,Yes,No,Yes,Yes,Yes,No,No,Yes,No,4.0,-1.0,Christine,1.0,0.0,0.0,1.0,0.5,0.33333334
509.0,NBC,Yes,Yes,No,Yes,Yes,No,No,Yes,Yes,Yes,Yes,Yes,No,No,Yes,Yes,Yes,Yes,Yes,No,No,3.0,-1.0,Christine,0.0,0.0,1.0,1.0,0.33333334,1.0
509.0,NBC,Yes,Yes,No,Yes,No,Yes,No,Yes,Yes,Yes,No,Yes,No,No,No,No,No,No,No,No,No,1.0,0.0,Christine,0.0,0.0,0.0,0.6666667,0.0,0.0
510.0,NBC,Yes,Yes,No,No,Yes,No,No,Yes,Yes,Yes,Yes,Yes,Yes,No,Yes,Yes,Yes,No,No,Yes,Yes,4.0,-1.0,Christine,0.0,0.0,0.0,1.0,0.5,0.33333334
511.0,NBC,No,No,No,No,No,No,No,No,No,No,No,No,No,No,No,No,No,No,No,No,No,1.0,0.0,Christine,0.0,1.0,0.0,0.0,0.0,0.0
511.0,NBC,Yes,Yes,Yes,No,No,No,No,No,No,Yes,Yes,No,No,No,Yes,Yes,Yes,No,Yes,No,No,3.0,0.0,Christine,0.0,1.0,1.0,0.6666667,0.33333334,0.6666667
511.0,NBC,Yes,No,No,No,No,No,No,Yes,Yes,Yes,Yes,Yes,No,Yes,Yes,Yes,No,Yes,Yes,No,No,3.0,0.0,Christine,0.0,1.0,1.0,1.0,0.33333334,1.0
512.0,NBC,Yes,No,No,No,No,No,No,Yes,Yes,Yes,Yes,No,No,Yes,Yes,Yes,No,No,Yes,No,No,4.0,0.0,Christine,0.0,1.0,1.0,1.0,0.33333334,0.6666667
512.0,NBC,Yes,No,Yes,No,No,No,No,Yes,Yes,Yes,Yes,Yes,Yes,Yes,Yes,Yes,Yes,Yes,Yes,No,No,3.0,0.0,Christine,0.0,1.0,1.0,1.0,0.6666667,1.0
514.0,NBC,Yes,No,Yes,No,Yes,No,No,Yes,Yes,No,No,No,No,No,No,No,No,No,No,Yes,No,1.0,0.0,Christine,1.0,0.0,0.0,0.33333334,0.0,0.0
515.0,NBC,Yes,Yes,No,Yes,No,No,No,No,No,Yes,No,No,No,No,No,No,Yes,No,No,No,Yes,1.0,0.0,Christine,0.0,0.0,0.0,0.33333334,0.16666667,0.0
519.0,NBC,Yes,No,Yes,Yes,No,No,No,Yes,Yes,No,No,No,No,No,No,No,No,No,No,Yes,Yes,1.0,1.0,Christine,0.0,0.0,0.0,0.33333334,0.0,0.0
519.0,NBC,Yes,No,Yes,Yes,Yes,No,No,No,No,No,No,Yes,Yes,No,No,No,No,No,No,No,No,1.0,0.0,Christine,1.0,0.0,0.0,0.0,0.16666667,0.0
520.0,NBC,Yes,No,Yes,No,No,No,No,Yes,Yes,Yes,Yes,Yes,No,Yes,Yes,Yes,Yes,No,Yes,No,No,3.0,1.0,Christine,0.0,1.0,1.0,1.0,0.5,0.6666667
520.0,NBC,Yes,No,Yes,No,No,No,No,Yes,No,Yes,No,Yes,No,No,No,No,No,Yes,No,No,No,1.0,1.0,Christine,0.0,1.0,1.0,0.6666667,0.0,0.33333334
520.0,NBC,Yes,No,No,No,No,No,No,No,Yes,No,No,Yes,No,No,No,No,No,No,No,No,No,1.0,0.0,Christine,0.0,1.0,0.0,0.0,0.0,0.0
520.0,NBC,No,No,No,No,No,No,No,No,No,No,No,No,No,No,No,No,No,No,No,No,No,1.0,0.0,Christine,0.0,1.0,0.0,0.0,0.0,0.0
521.0,NBC,No,No,No,No,No,No,No,No,No,No,No,No,No,No,No,No,No,No,No,Yes,Yes,2.0,0.0,Christine,0.0,1.0,0.0,0.0,0.0,0.0
521.0,NBC,Yes,No,No,Yes,No,No,No,Yes,Yes,Yes,Yes,Yes,Yes,No,No,Yes,No,No,No,No,No,1.0,0.0,Christine,0.0,0.0,0.0,1.0,0.16666667,0.33333334
521.0,NBC,Yes,Yes,Yes,Yes,No,No,No,Yes,No,Yes,Yes,Yes,No,No,No,Yes,No,No,No,Yes,No,2.0,0.0,Christine,0.0,0.0,0.0,1.0,0.0,0.33333334
521.0,NBC,No,No,No,No,No,No,No,No,No,No,No,No,No,No,No,No,No,No,No,No,Yes,1.0,0.0,Christine,0.0,1.0,0.0,0.0,0.0,0.0
521.0,NBC,Yes,Yes,Yes,Yes,No,Yes,No,Yes,Yes,Yes,Yes,Yes,No,No,No,Yes,No,Yes,No,Yes,Yes,2.0,0.0,Christine,0.0,0.0,1.0,1.0,0.0,0.6666667
522.0,NBC,,,,,,,,,,,,,,,,,,,,,,,,Christine,,1.0,0.0,,,
522.0,NBC,No,No,No,No,No,No,No,No,No,No,No,No,No,No,No,No,No,No,No,No,No,1.0,0.0,Christine,0.0,1.0,0.0,0.0,0.0,0.0
522.0,NBC,,,,,,,,,,,,,,,,,,,,,,,,Christine,,1.0,0.0,,,
523.0,NBC,Yes,Yes,No,No,No,No,No,Yes,Yes,Yes,Yes,Yes,No,No,Yes,Yes,No,Yes,No,No,No,3.0,-1.0,Christine,0.0,1.0,1.0,1.0,0.16666667,0.6666667
523.0,NBC,No,No,No,No,No,No,No,No,No,No,No,No,No,No,No,No,No,No,No,No,No,1.0,0.0,Christine,0.0,1.0,0.0,0.0,0.0,0.0
523.0,NBC,Yes,Yes,No,Yes,Yes,No,No,Yes,Yes,Yes,Yes,Yes,Yes,No,Yes,Yes,No,No,No,No,No,2.0,0.0,Christine,0.0,0.0,0.0,1.0,0.33333334,0.33333334
524.0,NBC,No,No,No,No,No,No,No,No,No,No,No,No,No,No,No,No,No,No,No,Yes,Yes,1.0,0.0,Zalina,0.0,1.0,0.0,0.0,0.0,0.0
524.0,NBC,No,No,No,No,No,No,No,No,No,No,No,No,No,No,No,No,No,No,No,Yes,Yes,1.0,-1.0,Zalina,0.0,1.0,0.0,0.0,0.0,0.0
528.0,NBC,Yes,No,Yes,No,No,No,No,Yes,Yes,No,No,No,No,No,Yes,Yes,No,Yes,Yes,Yes,No,2.0,2.0,Zalina,0.0,1.0,1.0,0.33333334,0.16666667,1.0
529.0,NBC,Yes,Yes,Yes,Yes,Yes,Yes,No,Yes,Yes,Yes,Yes,Yes,Yes,No,Yes,Yes,No,Yes,No,Yes,No,3.0,2.0,Zalina,1.0,0.0,1.0,1.0,0.33333334,0.6666667
530.0,NBC,,,,,,,,,,,,,,,,,,,,,,,,Zalina,,1.0,0.0,,,
531.0,NBC,Yes,Yes,No,Yes,No,No,No,No,Yes,Yes,No,Yes,No,No,No,No,No,No,No,Yes,No,1.0,-1.0,Zalina,0.0,0.0,0.0,0.33333334,0.0,0.0
531.0,NBC,No,No,No,No,No,No,No,No,No,No,No,No,No,No,No,No,No,No,No,Yes,No,1.0,-1.0,Zalina,0.0,1.0,0.0,0.0,0.0,0.0
531.0,NBC,No,No,No,No,No,No,No,No,No,No,No,No,No,No,No,No,No,No,No,Yes,Yes,1.0,-1.0,Zalina,0.0,1.0,0.0,0.0,0.0,0.0
536.0,NBC,Yes,Yes,No,Yes,No,No,No,No,Yes,Yes,No,No,Yes,No,No,No,No,No,No,Yes,No,1.0,0.0,Zalina,0.0,0.0,0.0,0.33333334,0.16666667,0.0
538.0,NBC,Yes,No,No,Yes,No,Yes,No,No,Yes,Yes,No,Yes,No,No,No,No,No,No,No,No,Yes,1.0,0.0,Zalina,0.0,0.0,0.0,0.33333334,0.0,0.0
538.0,NBC,Yes,No,Yes,No,No,Yes,No,Yes,Yes,Yes,Yes,Yes,No,Yes,No,Yes,No,No,Yes,No,No,2.0,1.0,Zalina,0.0,1.0,1.0,1.0,0.16666667,0.6666667
539.0,NBC,Yes,Yes,Yes,Yes,No,No,No,Yes,Yes,Yes,Yes,Yes,No,No,No,No,No,No,No,No,No,1.0,0.0,Zalina,0.0,0.0,0.0,1.0,0.0,0.0
540.0,NBC,Yes,Yes,Yes,Yes,No,No,No,Yes,Yes,Yes,Yes,Yes,Yes,No,Yes,Yes,No,Yes,Yes,Yes,Yes,3.0,0.0,Zalina,0.0,0.0,1.0,1.0,0.33333334,1.0
541.0,NBC,No,No,No,No,No,No,No,No,No,Yes,Yes,Yes,No,No,No,No,Yes,No,No,Yes,Yes,2.0,0.0,Zalina,0.0,1.0,0.0,0.6666667,0.16666667,0.0
541.0,NBC,Yes,Yes,No,No,No,No,No,Yes,Yes,Yes,Yes,Yes,Yes,No,Yes,Yes,No,Yes,No,No,Yes,3.0,-1.0,Zalina,0.0,1.0,1.0,1.0,0.33333334,0.6666667
543.0,NBC,Yes,Yes,No,Yes,No,No,No,No,Yes,Yes,No,Yes,Yes,No,Yes,No,No,No,No,No,No,2.0,-1.0,Zalina,0.0,0.0,0.0,0.33333334,0.33333334,0.0
545.0,NBC,No,No,No,No,No,No,No,No,No,No,No,Yes,Yes,No,No,No,Yes,Yes,No,No,No,2.0,0.0,Zalina,0.0,1.0,1.0,0.0,0.33333334,0.33333334
546.0,NBC,Yes,Yes,Yes,Yes,Yes,No,No,Yes,Yes,Yes,Yes,Yes,Yes,No,Yes,No,Yes,No,No,Yes,Yes,3.0,0.0,Zalina,1.0,0.0,0.0,1.0,0.5,0.0
554.0,NBC,Yes,Yes,No,Yes,No,No,No,Yes,Yes,No,No,Yes,Yes,No,No,No,No,No,No,No,No,1.0,0.0,Zalina,0.0,0.0,0.0,0.33333334,0.16666667,0.0
557.0,NBC,Yes,Yes,Yes,No,No,No,No,Yes,Yes,Yes,Yes,Yes,Yes,No,Yes,Yes,Yes,No,No,No,Yes,4.0,-1.0,Zalina,0.0,1.0,0.0,1.0,0.5,0.33333334
557.0,NBC,Yes,Yes,No,Yes,No,Yes,No,Yes,Yes,No,No,Yes,Yes,No,Yes,Yes,No,Yes,No,Yes,No,2.0,1.0,Zalina,0.0,0.0,1.0,0.33333334,0.33333334,0.6666667
557.0,NBC,Yes,Yes,No,No,No,No,No,No,Yes,Yes,Yes,Yes,Yes,Yes,Yes,Yes,No,Yes,Yes,No,No,4.0,0.0,Zalina,0.0,1.0,1.0,0.6666667,0.5,1.0
558.0,NBC,Yes,Yes,No,Yes,No,Yes,No,No,Yes,No,No,Yes,Yes,No,Yes,Yes,No,Yes,No,Yes,No,2.0,-1.0,Zalina,0.0,0.0,1.0,0.0,0.33333334,0.6666667
558.0,NBC,Yes,Yes,No,Yes,No,No,No,Yes,Yes,Yes,Yes,Yes,Yes,No,Yes,No,No,No,No,No,No,2.0,1.0,Zalina,0.0,0.0,0.0,1.0,0.33333334,0.0
558.0,NBC,Yes,Yes,Yes,Yes,Yes,No,No,Yes,Yes,Yes,Yes,Yes,Yes,No,Yes,No,Yes,No,No,Yes,No,2.0,0.0,Zalina,1.0,0.0,0.0,1.0,0.5,0.0
558.0,NBC,Yes,Yes,Yes,Yes,Yes,No,Yes,Yes,Yes,Yes,Yes,Yes,Yes,Yes,Yes,Yes,Yes,Yes,No,Yes,No,3.0,1.0,Zalina,1.0,0.0,1.0,1.0,0.6666667,0.6666667
558.0,NBC,Yes,Yes,Yes,Yes,Yes,No,Yes,Yes,Yes,Yes,Yes,Yes,Yes,Yes,Yes,Yes,Yes,Yes,No,Yes,Yes,3.0,0.0,Zalina,1.0,0.0,1.0,1.0,0.6666667,0.6666667
562.0,NBC,No,No,No,No,No,No,No,No,No,No,No,No,No,No,No,No,No,No,No,No,Yes,1.0,0.0,Zalina,0.0,1.0,0.0,0.0,0.0,0.0
562.0,NBC,Yes,No,Yes,Yes,No,No,No,Yes,No,No,No,No,No,No,No,No,No,No,No,Yes,No,1.0,0.0,Zalina,0.0,0.0,0.0,0.33333334,0.0,0.0
563.0,NBC,No,No,No,No,No,No,No,No,No,No,No,No,No,No,No,No,No,No,No,Yes,No,1.0,0.0,Zalina,0.0,1.0,0.0,0.0,0.0,0.0
569.0,NBC,No,No,No,No,No,No,Yes,No,No,No,No,No,No,No,Yes,Yes,No,No,No,No,No,2.0,1.0,Zalina,0.0,1.0,0.0,0.0,0.16666667,0.33333334
569.0,NBC,Yes,Yes,No,Yes,No,No,No,Yes,Yes,Yes,No,No,Yes,No,No,Yes,No,No,No,No,No,1.0,0.0,Zalina,0.0,0.0,0.0,0.6666667,0.16666667,0.33333334
572.0,NBC,Yes,No,No,No,No,No,No,No,Yes,No,No,No,No,No,No,No,No,No,No,No,No,1.0,0.0,Zalina,0.0,1.0,0.0,0.0,0.0,0.0
576.0,NBC,No,No,No,No,No,No,No,No,No,No,No,No,No,No,No,No,No,No,No,No,No,1.0,0.0,Zalina,0.0,1.0,0.0,0.0,0.0,0.0
576.0,NBC,No,No,No,No,No,No,No,No,No,No,No,No,No,No,No,No,No,No,No,Yes,No,2.0,0.0,Zalina,0.0,1.0,0.0,0.0,0.0,0.0
576.0,NBC,Yes,Yes,Yes,Yes,No,Yes,No,Yes,Yes,No,No,Yes,Yes,No,No,No,No,Yes,No,Yes,No,2.0,0.0,Zalina,0.0,0.0,1.0,0.33333334,0.16666667,0.33333334
576.0,NBC,Yes,No,No,Yes,Yes,Yes,No,Yes,Yes,No,No,No,Yes,No,No,No,No,Yes,No,No,No,2.0,-1.0,Zalina,0.0,0.0,1.0,0.33333334,0.16666667,0.33333334
576.0,NBC,Yes,No,No,No,No,Yes,No,No,Yes,No,No,No,No,No,No,No,No,No,No,Yes,Yes,2.0,0.0,Zalina,0.0,1.0,0.0,0.0,0.0,0.0
576.0,NBC,Yes,No,No,Yes,No,No,No,No,Yes,No,No,Yes,Yes,No,No,No,No,No,No,No,No,2.0,0.0,Zalina,0.0,0.0,0.0,0.0,0.16666667,0.0
576.0,NBC,No,No,No,No,No,Yes,No,No,Yes,No,No,No,No,No,Yes,Yes,No,Yes,Yes,No,No,2.0,0.0,Zalina,0.0,1.0,1.0,0.0,0.16666667,1.0
601.0,NBC,Yes,No,No,No,No,No,No,Yes,Yes,Yes,No,Yes,No,No,Yes,No,Yes,No,No,No,No,2.0,-1.0,Christine,0.0,1.0,0.0,0.6666667,0.33333334,0.0
602.0,NBC,Yes,Yes,Yes,Yes,No,No,No,Yes,Yes,No,No,Yes,No,No,No,No,No,Yes,No,Yes,No,2.0,0.0,Christine,0.0,0.0,1.0,0.33333334,0.0,0.33333334
604.0,NBC,Yes,Yes,No,Yes,No,No,No,Yes,Yes,Yes,Yes,Yes,No,No,Yes,No,No,No,No,Yes,No,3.0,-1.0,Christine,0.0,0.0,0.0,1.0,0.16666667,0.0
605.0,NBC,Yes,No,No,No,No,No,No,No,No,Yes,Yes,Yes,Yes,No,Yes,Yes,No,Yes,No,No,No,2.0,-1.0,Christine,0.0,1.0,1.0,0.6666667,0.33333334,0.6666667
605.0,NBC,Yes,No,No,No,No,No,No,Yes,Yes,Yes,Yes,Yes,Yes,No,Yes,No,No,Yes,No,Yes,No,2.0,-2.0,Christine,0.0,1.0,1.0,1.0,0.33333334,0.33333334
605.0,NBC,Yes,No,No,Yes,No,No,No,Yes,No,Yes,Yes,No,No,Yes,No,Yes,Yes,Yes,No,No,No,3.0,-1.0,Christine,0.0,0.0,1.0,1.0,0.33333334,0.6666667
605.0,NBC,No,No,No,No,No,No,No,No,No,No,No,No,No,No,No,No,No,No,No,No,No,1.0,0.0,Christine,0.0,1.0,0.0,0.0,0.0,0.0
605.0,NBC,Yes,Yes,No,No,No,No,No,No,No,Yes,No,No,No,No,No,No,No,No,No,No,No,1.0,0.0,Christine,0.0,1.0,0.0,0.33333334,0.0,0.0
605.0,NBC,Yes,Yes,No,No,No,No,No,No,No,No,No,No,No,No,No,No,No,No,No,Yes,No,4.0,-2.0,Christine,0.0,1.0,0.0,0.0,0.0,0.0
608.0,NBC,Yes,No,Yes,Yes,Yes,No,Yes,Yes,No,Yes,No,No,No,No,No,No,No,No,No,No,No,1.0,0.0,Christine,1.0,0.0,0.0,0.6666667,0.0,0.0
608.0,NBC,No,No,No,No,No,No,No,No,No,No,No,No,No,No,No,No,No,No,No,No,No,1.0,0.0,Christine,0.0,1.0,0.0,0.0,0.0,0.0
